aaa,bbb,徳島県徳島市八万町橋本380-1,Japanese_Code
,,[object HTMLInputElement],
,,[object HTMLInputElement],
,,[object HTMLInputElement],
,,[object HTMLInputElement],
,,[object HTMLInputElement],
aaa,bbb,[object HTMLInputElement],Japanese_Code
test1,bbb,南砂2-4-25,Euro_Codecalender,,,
,,,,
,,,,
,,,,
,,,,
,,,,
,,,,
,,,,
,,,,
aaa,bbb,南砂2-4-25,American_Code,
,,,,
,,,,
,,,,
aaa,bbb,徳島県徳島市八万町橋本380-1,Euro_Code,
,,,,
aaa,bbb,徳島県徳島市八万町橋本380-1,Euro_Code,
,,,,
aaa,bbb,南砂2-4-25,Euro_Code,
,,,,
,,,,
aaa,bbb,徳島県徳島市八万町橋本380-1,American_Code,data:image/webp;base64,UklGRvLHAABXRUJQVlA4WAoAAAAgAAAAHwMAVwIASUNDUBgCAAAAAAIYAAAAAAQwAABtbnRyUkdCIFhZWiAAAAAAAAAAAAAAAABhY3NwAAAAAAAAAAAAAAAAAAAAAAAAAAAAAAAAAAAAAQAA9tYAAQAAAADTLQAAAAAAAAAAAAAAAAAAAAAAAAAAAAAAAAAAAAAAAAAAAAAAAAAAAAAAAAAAAAAAAAAAAAlkZXNjAAAA8AAAAHRyWFlaAAABZAAAABRnWFlaAAABeAAAABRiWFlaAAABjAAAABRyVFJDAAABoAAAAChnVFJDAAABoAAAAChiVFJDAAABoAAAACh3dHB0AAAByAAAABRjcHJ0AAAB3AAAADxtbHVjAAAAAAAAAAEAAAAMZW5VUwAAAFgAAAAcAHMAUgBHAEIAAAAAAAAAAAAAAAAAAAAAAAAAAAAAAAAAAAAAAAAAAAAAAAAAAAAAAAAAAAAAAAAAAAAAAAAAAAAAAAAAAAAAAAAAAAAAAAAAAAAAAAAAAFhZWiAAAAAAAABvogAAOPUAAAOQWFlaIAAAAAAAAGKZAAC3hQAAGNpYWVogAAAAAAAAJKAAAA+EAAC2z3BhcmEAAAAAAAQAAAACZmYAAPKnAAANWQAAE9AAAApbAAAAAAAAAABYWVogAAAAAAAA9tYAAQAAAADTLW1sdWMAAAAAAAAAAQAAAAxlblVTAAAAIAAAABwARwBvAG8AZwBsAGUAIABJAG4AYwAuACAAMgAwADEANlZQOCC0xQAAcFsDnQEqIANYAj5tMpVHpCMiJSYym4igDYlnQLusB34/YMqv7JUg0lHp4i4PaDxIxKMyA46n36q2ZYn6ndZ/WuanjgsyDprQj+M71u3d21Tot/Sk9dbop/Sd80DMsfQb86/of+H9vXpP+a/YP6r/C/u5/hPdgyV+x/53mX/O/xp/G/xntQ/t/2b/0P7Neu/zx/5/817Cn5n/V/95/g/Y4h79wP0P2x9hr37/H+EP/1er365/sfSr/iOTl/neoj/ovRd/0v/p/r/+D7Yfrr/1/7D2jCz19kKBqXZCgal2QoGpdkKBqXZCgal2OQwCx5QHnZV8sTi3pWcT6xD96h4jdlau1jafdvnXJmsG3lqov8iuVmyQUI20Ac6+yFA1LshQNS7IUDUuyFA1LshQMjwSj/5cwNNpnbJeF40/bv9BF+UdCZiUBHKk1wPH7uxey4ifzzr7IUDUuyFA1LshQNS7IUDUuyFA0quEpyvQh8vpgCFL/Hp5rdHQV9vt41o/LGo7AAf/nwr7DlM/AzZ519kKBqXZCgal2QoGpdkKBqXZCgQSwQahHr8wq008IqHATTeq3ZUTD9VmTbvd2xd6AawEcwwhOHfix6SUNas2s86+yFA1LshQNS7IUDUuyE9TJOixv4+BNgqf1EhYRTwMChKXUcfw+PZOAzDS0Gi2B9QNS7F15Mpmw+35519kKBqXZCgal2QoGpd/sYvl44ae4WXEskUDuu6s5FLnjV4F31aPFpvHyct9jQLMziSC9+w70+9xgbr7IUDUuyFA1LshQNS7IUDSq4RTZybm5k2AOUl4k/kgfXqF29Vsv1mfKpcmVLs254n4nwmnLc0ErbBaO2eBu/EvpWTGxxiAelix+edfZCgal2QoERvTBITxdYVD/z9ljzEWaa1IzpzG4i0BeCbdXNvYNxbqbW7WmvSNZZkeqLEOkoPe0D/nAbEqu5tM8H8uvgXD0wurZZ9a612Bmzzr7IUDUuyFA1LshQNS7GB0+owJdjHDpzNtzQzEPi3O7Ptxd6E/GDPpeGyWNQ3pSUU6uxcRcYLG6QgyNEtqnCmlWtXrHXt/K7v4/jgBybv6LLH4gmtCILxY/POvshQNS7IUDPaSMu6qIeZ+8Rv4Bk4RrOmGyLKnP+1Cok/UMFkCB58koGFP6Hq5Rbq0fv0BmVhu/A/X6R8YYgReyOtlnRp7S9ZMUvj3KzgyUc6eRDWfUTrDPt/FxqAJYM/X4Ybota/TMKK/gyR6x3U9/JViC8WPzzW4bxid4Ds2XB9XYpef4dKiCioYBqrF0wMqGLWvVtf5weoRJkmrY7w3Qc1lBhkmfQW2tFjhZOnBbO6yJDFtRQrRgWsXMstXY8co5xtlTf3ffB2q1zkf8SaS9uQiSmABYgowWn1BypvgGlWDsi5g1FrwILnfo3qiX04HdkEJy11zhjjzElGNLHlRdUVlFRYeUVER8QDzW8u7KBg5tk36zFEbIUPapNBAImtVJwg8U2iVYajk2T4aHAuOTlzGaR+4BZdyicfwR6aSSX3BnSLWW9QCwBP57ygFuA9NJadM2suyRmY8Wi0bjvICqIQW08+1OLaDiRuwbQLvq4c4fSZ+1HQp30MoCDTL1vdB/LcFpf1FcjTIHVsYbK46uHuucBT+oAIY9V/yPVEzs/C1c22BLe0Txv7HCQFr6tBNQWmxHFEyfdgSzFriDoGblfQkLDMGuAstMDJdX0HVdL2ZQCY5NQ8plOCtayOjUODMcwFahCU86QS0NkAF8x7q2W+GlArArZLYcYcLWgliNDB/J8vVP1+A26qyTCjYD72NWkzYZNNsQGH6S0K6j53GJE9yi00yzJsZG63vTUnkPaLxN57BboX1mSTCKLwq2OpkcA7I7oq4yZXWKKp9jpg/BMZRmcJOtd2hk/vTU2tgzOkKbPzVoMxymrtuhwSynHnb+lR/+TmSNqDGKoQwLkInE+FhhXYquB+wsOiK32Vj74RXJ+FmAYAP3tX2G0rt6/2O2u2PPRqiXvX8SRATWgLKE/zz6r2NIa8OKKIB2Su8xXeRIa8v+4viuweH9ZXTfilER5jZQ9BSAuc11sr4wtdPCtSgqPJLeGDSTw4SfvwiQPVd49Vlr1zRf9+M10p29QU7XotFvMIr9DkCo7fR1a0/YSoiy8HIblnI6Zy4iHu8UJIo4RtmFmFBLZ/6EBaPokI73Fg9qNGIwSH6fSI7CYPbXcvX7icgUEm5WiDzY4BGokyNpfMr1YyplOAXeiy1G7Ka5ZKFj9XubO4CJgdMdsfXxv5dG/vwcygn/fdFIlLIks2/61cEX2LzgDiK2DGRdIWYc9zWvlPhSxRpeRarG9UpzttzEwsaoDSUfA9v2T7dYoBxa7DohL8wZq2zZelsY0RlZlbK1LseaxoePfwsEaG2vvzpBeF+hjs5tM7omr6vCUNg3D0vAvqynWCRCDaRp1ZVxculUi/KQMSjfZwhBy/0G7zUVey5EstufcdZSpv0ej5+l4RngLcWtXvG/h7X0Jf2Yzog4i+xT1xVVzUYry1q8XLnjyhvNJf7299mbWY4fEcKqEBKit7S5j6ZOZ7txNSg5mQv3wq5WxTiSghsnX8YDhv19N9qlYUI9whp+ndUlM8uGAJdJPc4evBBsJnHkWOM5O5Il8UX/uMzUrYc5SlSJ1h/XrzEjZPfmeGDLpAFDH0bdRLXKMHbLyhDLmdaT2kUYNbKT9ub5rBX2sZ/+shseX2t9olnMUQmfKU/Z2FHnv+eiLUFdhvzSlcl6ZmkmPUeSBIOukficOwQEF1VIQe8cfC72tOAqQM01fZgQHMnzG8xfunRigcJPpAhOg/a7+L0ghb3uz7dIiy9n37aQjadRDQ98o8nl0hDQj4e+oOrB86UNi5Dt4Q5A8RWuCoPG9Yr1tsNhfYPPsM2M8emFvjkTAg9lNRHxqoACP0pEc4IBa/ep7tcsIAHZPKEW8JZv52KzMbJrqKniqDY1IrY3yzTARqBbxgjyZP67WUoipWawbZnF1mHqjqFr6LGQRQ04KP7Px/f7Wnnx898PYz0a59p21Rn4q2iCx9U4q8ZctFpHZfa6P2srqHYsSUAmHE6bZP0oeNLsExjr1wnHnl3CNTJPB7eq+oHAn22atSiYvKBEiSLAC8LJJtSZ3t66ZhJBWeGtZjt7SFr1Nowz88OZThCkrV/yQQr9fz1xKVnqgrVGZK7hX0eY7rJtg6jCpREGgd90AG9O8VGxmrlu+TPTPAdx+hL7tehVUgfmLCT4xEiGspPGoC9URXC5sShcg2ckCmCk6UqPNHctOAOZviZ1HXLP5egTo3bHzGl6/HRCyJmI9WMi9FYvlb7zVswa2WigRPY7bNBOQC4MMuOzR5zdPwCyip0maeDVwIvVoHbp5xtPpPob9sWanY/86GrNSj3gm1kvXihsQN/AwKzOYEpM1wAvUaNUQTXunvQ8ldxNHLXSEXUlL2T7mQ4OzpsunT0fnY4cwS319Vh9+hWmw5w2yq4Qdu57G3tYie3D26Dm/lNg0p3L4keNh7KfjCqNAPkqm+cksGdziod/q5SaZM8SemzpnW5OunUqUcVjjUQMfVlWWLnHBQAnlmk5uIjWSTLT98cpFmEyBlQ0jWkiYZ3g1P+pmuLVUvd60ccC6UCbuyE6Xz4UOUXLwpdH9+kjcQ56p2C9uxleLmYvTwUXqlfE9LyNnOsxRGTu4k9pirHbpPI7LLXblsMY+DsG4NSEmZ6wkwWNsx53KEQNiLKaJ+ZnH6FvEPSSNBLSvnpAkcjGB20cblifIYEYP8WqzN5sd3duU8fNnJ8H7BZN3RcnfWE9nOjqwOV/TlGX0NHHn+G+dI1AA+diPA1iq+GvWQwRBOz6LyQmWS5Ht+QBOjCslu7pWhRUtmp20UZ2WzJUGTBeRcZQq4OOdH2LDNQkFf6ZyRZRmTAoK2WcKYj067lQxjldtW1vvzxO/pLBH9CfRbFya7U67JsSEwm6EsK2aQH67rAfs73y1X4bHOTQUXwfwTk6jja2LoAy8m5XQIDwy4pwT1XfLaMn3FsYsNUGJMRZLNf13pvXZXChUQOLuuHx0Cy5703q2Ta4YfpR3B3Tkv0KSyDnY5iH5QTPqMEdvqHQ8adVILfFJyAwMPBzfTN7xWjowMefk3RQR/tc5KpxeJ6kOpT6cOT0pS2f8otPUxQLwna/oDcSCo7eaNyrSE9Qnj/SV9VzDALx42dIANI9vlCrrGY7V14lD4L++iRO3fTttPF1sva1WROREutryulwnGQg7zbQlxQJPwYjvEliN2RTlShmdDiT6rWmx6eRYHfQ1FItPYddrFJV0cBCLD/Q/K331FHtT2hqkoOZRmvUh0wI/omjDN4Wzj1ZqHHDovS/DnFkgu//Kj2u0B3CHTb72ZL8r7Mthj8KcYSNV8jTSAA9VQq0071KOnOfcgtPP9yNN/CKrXCKBc4YU0GblZfPzsteUJ9thmDDXc8MXzbvqBwqNLsyGu6JX4KOdRTtJdctNR3MoqfHMNBCnTyUjMF5Onm7W+Gb1Ca0yTQ55JsICZBJQZKOCcpswhARH2qLmbL2+jVGoX11rySVqyvaUsWK/LoMckEQwN2i6k8DpP6Ud4jCidAUepg8hIWUkENpiwzC8t//7P285aZZUx+fWdEZgZoLnq4kfdq1t3V75iH381tmC+4tNASbjtYGyXvhhdmlX5HR0truYtUWxm0crdQKcGbdPmleOu0Cm6zezKEeQl4Ss/bSTCmCLm1BVpTJRJ9XV3CKgGLYlTiZbzH0MW8+2YypgHgn+QKlLgmQCVceyUcFIRmcCxeSbP0iJrd+Xv8VijwcsEqT0NoXvxfRzJ+yIsL+n2yVoEf7mPGf33psvXREg/bzHv8EfGVzsSm/dn5sf2VR0M5X3LXGJ4v2jxjZmqSLgNtmhByIvDDC1rxb0+oafc4QYAWG5V+aQj+v6jjXwJdIk28UouFvwyXk4IdrANOX+Vcczzk6DaQSgz7VUdrYw1sluzvdMDyxbvtj0UHtpCFwccHXC6Lys55v5r7MnAIa3lVGKPRxDypLZmVBP/xCCowIqnzv/v08aNfC8Lf1EG3nB6gnsWuVSHJhnnTDFyLlaTEeU648dCVmsvW8i2FumzqCt4fFDh3HlZ+GzDK2CWszg46Fut99Cx+qiM0iByFGjMwCgADT4w2J2e2X3gGQIKh/lxYoJr/oaYaQ0IqO5686dbc07RAslRQEUnWvVSI46XC74Piiu8aCMtWpl4b6s7sD3AidqL26wqP1Al0QevbYdhhqbVehXFfYtXH65jR23ae3YKgPIKbzKwxXUwgQyj/P3cQxD8x9uBi49Qx6e32QSKhcp533Yd/mSLURA4It5fpfDj8q5A00u24UOHm2GFDjvUG66NeacHKcw8YzF6G0lPjKbU25ysKE/XrqySzVrvMU6cxr77hkJNkyoOteK3Zfvm/IbDAGjsZwJC5CyoJmGslEYzmpHL+MdMGV8e9LuXJRedAkMn1LXMhkuyfG9wRkVSf9jYKeVo+e5yAb9hEyC8WU/DfbsZu5nBTLutaXtneW+TdsiDQDcWbO4VJ0wxnOMMeFQVlb+jVQYRRp8mZgrZrNZzpBEdc8GBO4eJVJdWgMF4dzR7ezeUT5osKEoBQB1Ko1MqmdDsJbVcJXFS0Wg4dpxW2r76rF5REYnqql0cUqwQ22BXc53jRVDez9eIu8A056tjgsCZv9fO/3e7ebLmSJgXWzOqG3MV/teMFvmg5bCkja9cC2KmLZQNzwTbNv3Pd+m899YpKe5IFzYLqYY30G8aD2mv4ZDTHlpqILuXGuFtjZbHlPw1gSB9zIQOybUl97YfPzpVMajTs3pSrnZ1GuvS1ERhQKygFsOGwNJH6zEkVNnRDNYa/yuBTFeWuAyjGHVkXB/dO8982R59gv03v98EsY+g5LAPPD5ILuyqsANvH1lEB30zOKL9cLdcdlSeVrns/E/VWEItpy8vtWOWcdAZ0dmmbwrweWiyDw7ICkVLSlHBZL3MOVVnl9S9k6AJNNPSTb3tZgnHkUuYLymS/uOv3Snf1gn3LpIhT2SeK8kXs+V7tSby2y/7dnFa9vtGi2t02ahBohJyIjtXkwdGb4I6wtetQwkcYfWOegG2/dMB0QBMBSbO97ik0Y1nadIA7/LC/viQ3l/K2WhwsGY4rlzAM6MIY+V2ESc7Pcu/bF2nmJif6sah9nHSdjZvjMTipnmHjv5NZ0jT6coGxV75DDTebIJFAhJYuCTUwt6B+o8efqIPxExvQrvWo2IJRe/Qh1FUMcyyjfn5kCveeBhl5hhvK6ScBOvnVSYr//waxITJwsLT5W8ihh1uI34b/pXUS02pmYNYDYIQxGqic42Hg2eazSB27mtxzp7HOs4jLPae69aAHOFPfGwAviowLdcXnwjsYrR3YzVMXhJSUh/pQ5ObFdLKR/2pIVkOQP/CGDei5PFvwjvpE80E+AtiRmyO3WR3VParWoIUTlb4fz9JAT1GU+T1Kt2LIrELtyzsGcdii48XLm9s2gOSekFJ9gX2QfdUl+332Lqi7a6XA7G2jOO1XKvvYXvZixdwXteCqWQ5vJhymCY4oi1X9m9H+KjtE45aQQ0lbQ6/wtf25JvrATo1JD5r3se8WBVda728Qz5j/4+r59ewgnkzwp7kBM93Zy0kfGlgOwchr4FGrM+VM5rUG9dLzWX7+xtDy6KGSK7m5ycQvkODB49GFxddoYdX+9dfvBQNjBXomEasogsCEEpgahStPbpLsPeh3vHlCC1RX6tbWnmsfbRuJHFyU5yKAgfTnnQKEDXZgrCOBRO7G3OaRAB99W7wuum6leLufpl/gUbdfQw4jhYz+tNoTD0gPGduM0+eee2raWtOMmwK7pYZg7kG00GLco7Rlg11ufXGgOjtlxnqJkinEwtJce2/sXY0K8RefMg0TEekn2xc3r8ht13yzg9w8u4j63Y/+3IAcmCIzcrH1F8nuAPBFf2J9FxRB0FNQHIeihCsnnXr7GFSIrIxxkRqmKWAvlFOwL7IipeJItCgsw2hBvH7GOKJzy7mMby1kOBCB7QOzyxVknWWHF9B3MU3uU4wcUUIhcPT20aZZtpw8owKjmqFDGrrcd6rwgLscNA/dYN8PfT3yiGbEiLQx7PX2yy1rVh+3VZO6GO/ZloHo8b7jr+bGw/svYkPnT+fd+pDwEWwzwf8IkaIFPDFQIeO/2ogiSFdhk5Q0qW+OP5KcXBPaaV7ZN9c1aCqlAqgtlwKNP3qfM2v80ZiK/KW86Ki3eY3jqc7x7rl4/LCmBX7XUUnR6MgQ1YHUBth/HZJDk/jeh6YvM7O8K2Aah2Gl/z6HJlvcI1TvBfLojeKOcM4PPwmWPpO4vXsQm9fY4SMdaa1l0Yca+Yiq6XPfDDkGwH0qr4N8zvvj4yGEHghP147StgUugoihBuPoKowv6cLNJl4J1in1wm5HUfify2RDUllz+R+PkzsSIcbfCmoIdrJHdVoTJvv+8PJHT851HLk6rI5HoN3PVYcWW4gZEtvvyRQ675T7liBT3VyMLouQVV0kqXI2Jbc67rV1X17PBhubouSvYh9UdEuJvRc/w1oxqZMNeGYKWHnafjfDFk/qGn4U2lNv8XMs1pMNi6su/Y7vYrTcMfRSOKLXeGvf5NyUqnjzt6FXepoRyk7tk2jgsm7rpy3sQUZB2GWsRDwqq5r6isox9u7w7zFI0CKyObBFeBqiS+TKPpKJOhLOtx3Io6FEAB9+/wRLyfgYTTu0jZECbBt9knFw4/vViBT+si4zQpBWAVPsRrOxt6NW7+p69eJXdrj6A65ib7sSU+0Fqi/pxTKzSpB7TT4Kd/aArPAAiaVaEVN44l3xVVz6XL76RTa8nIY0fbFEzVTr9o4+1VXhJMtwIWIy1WE7mNrJflwS8TmyxyYiQVs6bWLPsXkXpOt8HWDEgE/wyOtdgVY/mHtBeSJfUZ+MifnPTiqiHAQy5yPP9rtLm0E1H3Zr7ldHaz/Sa8IyUFLWjhxdXgjNfppjNfXTsQZ+/CrOmT6GndYBnW4pU55NKEweV+Tkq+EbINsq8Xq9ieeon9314zGPjBCkipOTg85XTtYtVq0ELwMsReqTfGRTwt9m6fv/gXasBydQugFs/0ShCafy4/dxZMcHtm7jRwlgN3EQ66mJ5xIYZlfvlDxhGMPG+MX48uf7HL7z3W14JxknJSE6t6AI2PONqR4W6lVmwqgKn9Vy4rtsRXkQgIFtn4L9zZrGn/+NKJKxKiHcr27SvY9VzSMP75bYM3NZORikRqjO3uej2L0UgawKSky3KQJTJGfMYbJsE4JVQGP0slVNN4aJpnIM+TzRQPH9nEwdw11G2lggqO5GT7gL+EGaQXpNndkseDOQa1GT/ELDNq9xpANC9DwDYg8XXMiPcPTlEFcYJr38nE9KPbgsFBOsrM/6mQeklcvrTelGGE9l6WeLGvdpbWyAGC8/dLXCBOcxxw9KWCo7vT3r82q5V9b2S02mgmW5V4nXO8kH2KTRaYUNCSAwBEAeMAmOlbWskUQcnO075Dp61ZBx4BmzvplIjLRPX1tGXazW/D4kx8icjEjHDhQOySsHVGzpgwM4Y/eWXhjDL/Pykod2c2/OJWJkktXveWatQeEkLWedPpHe2JOUnA2jT/Za6LImHgUHh9DiePzpmL6p9L2nEJKYGMYGrHrAkUMaJsttqA21E866kwWYK3r7qa/TWY6CraWdud6+7v4K9+IiSTgHhs/pFpwyObZXPCw/asqgtV7HK3CCxCB7BD151Kll20MOPGz/4DJfxfyuAMG2p8csRZmwDkw3R1xPstyfwUgf0HZHIy5Mxps7m0yGTAsfo7zatelDfaIfvguOH789Pebcb5lSFTqqRMPitAEd6yB6crIc7KvZaA13QLD74tLVY6j9YPfuCIJlH+NvPzV1AtpejBgifJquN/j/WAUQMiWIZ66beSZDnpwuHqsI79/S2c6yVmWu8uho1GTnMMXu+FuNaszNqnIjUdlbIurG4VT3BBTDUiIoCwAJ+ssBfzB4KIc7r3mnwbUcSn8CEL27dWUA5zmDevPAC4BU2HcUpu1n/ZGLYWFy49+1L3LsLbb5ZXuoibdFaPoNPUjQuYZO3ukntGTyqx7mzFDfMwyxAqVyT7+PtthEqCF16eKLMHWbvevQwKiMKTzXWIZ/nYWK3Ln84PU3OAAA/vbwAAAAAAAAAAAAkEWNFZ99Lqi6S6rMxOdfp7KHQlRGA0t4VmIi5puZ+E3n6m1x+wHHu3nvHpvCcX1R7nqCK+Rlvbs9RGUKs03IiLTNL6t2ZZNZmUArOxDRlPnoHiLu8/3hb1DdJrqUDUxodn+8MNUuqTjPA9YLK4+ffdrzDA6TWnjBTWq82+XGlprkeklHPuqMBz1ITX6FMRyB7UGs5ZPO7LcFfdv7cRr2qqcMEJyAFfn163jtAQYtUPrPlkUvTsze6YrbGShihWWRn6vqgUX3SJr9exAoStsiphkTnogQcjOAL1sbZsZQUG2qWRJ8kamCnD/+CziXd+8syiDzBgJpTSbGLeU/2IAfKrSLpOfE2Eq22qSutQ89zAIK13UK9BJWFqIa5LGaAi4dT2BJ16Ehj4qU60MiNBjsj+N3TREZROMjKJpTiPnC6gBTd809CsiSjFmSUYStu57cht45L4sMgNrGDiljRTEDveIE8uqro0/hAAAAAAAAAAAHDb9tR4JvqSEDyZ5JQqTEQHhGaDIjvwgl3JAoAKA5tdoO6VkRMp2P6uJ1thJzPOidEzFGzDfT9fn96b7Z+bxaj0wEzbjUmbvuPyZ2oIae61j8SCqJwQZ6+scRty5KvX3jREHNgs7vGqGfwgeiby1Vwf6k4V1hgIhYYAuBLXPNGIM/9d/aTLhHkvF0i0S06Hm5NgxYxnNiDX6GpS32KSJfioFJE0BwBdxv9zb4rNjpdRG1KzL1mtbqFn8uEGb2F7k5vQl7C/yncyTI6bNhZGLUpEG7Kdg1LBB/eEPZBzj2O4Os3EzJ8WAM5u9SXM3/UZAAAAAAAAAAAERUgZ90a95fho7uc5Dkzjdj86KV22ZZpO9fZnNsoT+RlX/bnCN8ZYaoacQ7RyEWK/ADtKx+dQABL/fA/iSqqznI4IUdYyOH7Ld0QP1IYuaLU55DxiDloHsu4oyZsnc9Pk1OsQZPGb2Y1yTJqiXI11Av2Olw1olxa6MJb7nYpCrxXqovHX2eDxCAEMjwzhhD1o9bQ32cnYUimffw9dGIjkgqTMg+8f+k9i/405W7Iiluz45KztshCwJVDOpuMiExopeoHX8bl7K9AJQwLxfHr3S3qIV7AAAAAAAAAAAAeUQ4sNAHaCjdgOBme2LJgRQIm05nTMVRvo8AbZllGj0s97nHkBaIcL0bUHR7PmGa1HVsEjYg/lc9zE0GZzEW6viPB+qTeSYPs9QIdf9MTCBkIRwfslclX6u80n9/lzUWOxJ7JzztoSNFgSAMr+iWsaK82Z7Ed0Dnz1dg8+As2I8wZdRVCp6jIfLpJ+xR/bBkq5bLKwDS42uzKnOIe0FJorU53C8aNduvij5ibPcWuwU7GZRCNIchbByeyF9GapwCsYAYAVG24NqgAAAAAAAAEeX5zVMgQmPZe05simYL4sz0VvfjidzcdCKyXi85FAdH8w17fShg3ri9erdqfpkNXNqr5w8mGvMyYqEPZlL1Lj6t15c8iK/15V4lp/8KsycJKPetDiS3bJwy2gmIK6o/cYNFZCX4FRB/Ozrrzwx+IZdRRyfUaDgdeSitvycKliMTUWfI/zrT0v6x+y6dB4eOefTiQ/9tt4H2xO5JJuyi8f7KR6088jSgb6s/EfN6DCR5CKJ+sHOx4WcqbTyeLqlCRZ5s66G4xw0o1cWeDiMFnE4VeGSzMRT9K3gAGcrQcgLLNFESnGaaNrpvRme7bCQOsykzdZuf2EmRQAAAAAAAABNXWAPXCM2DHWGrFHivCoAs3V366PMXNPWINJGUNp4J0xpTkS/BTqhatM+DBTK+UxnPT3Wrr3kiPF87apFeT7CHgdMOpcG5zifiDjgwqoNDAAuaucp0dDU5jw5C8NngszwZmcj2cOzVkdwdybUIWio9WynLcMU1XHq55Beu6FAJOMKrG9y3r1WHQ5WrqXNHQnGdLmgGk5LdpJIxm2yHvVoE/kViLud6gwb+p9wVKyCn/077Yek29wT40MNFh/37U1THPZPYlMmBn3gbeCH3ncrSe6VMAB29ON8h98w+7V/QlAAnVbja3GNoHwMoF15zSFhnanhJKoINV5gAAAAAAAAC2vEauivXzmh+yaJbvoYxaqo14FAv4r+QkdLMAswV+yaZUawUJezsuv1d64fXheEEoHx3XjSfqiexjTFC9eG6LMX7Z0fe14vUwM5LMgSLxKOvNOAO8B77SOPmE4Ni1guIbyaU29aT1a7AmTqftikMA6SDkO3wyOdqDDEYC2CPzkOF3+iKplZYLyauUNa/XUd/o7YlU31SScggPFp8EjzzmyCJ10i2PBfWaBZQ9wm/JAoUd8oe/NNcC6l4J2aCJo2S6TRmsn46yHNDaXwC+U989vVRruGIpAAXml7XAWphWtWaIYo2hTMpR5RM7bltQkY7lByaDDwBywAIQMV8u4x2xOtVWmaoacwj8hDM4C+4K7HyNQz+J4zhH9FThLAFzvOANVjKfxAAAAAAAAANC9By1II53IZrtRyGtNNLaXyHHkkV8yFI6qaoRgU34ReJypYSmgg22p6gD5BFIDMrhYXwpeeZBgNKBNUwAPL1eHfN/puev3jmo+lX4Czq1rL3bCbdumTCqvkun+iz5zIk+xkx3DCnZgqYfVyGrOkP0W1Kf6Uzz6Zmjua0oxROMsi/1ORQCnKMkUs0r2w3C3n+/Am2LkqpKwNVk4ZMrFffJBvWOP+llJoYddeQ1/EurMs5aR1DFEdb9gzO8yN2jYyMSvw7EW7G6PA5dJ7H76UMFSv03w/HMPyM7yWM/HfYz5QAQnAg5aHb0HGwj/YW/CE4Lg088DeiIqta+WI5U6GpSx0cGnPUOopz6OQr5AvpQfFb8++/83RH1nTeKZbp7emUArfu2P/37Y6DPWGOcjCjT9ongOZauuMu+pj4AsUar+R4WlExTzwd/JqIFS+/ziKCgk32fbLo7LgSKg0PVCW3JRQYQY2DJtz3q01Sr9kLi5Q8nIZ2KdRicJt0m2nb7AWWB3dvbprHWCCx5pX51bNKqGEEFsH94A52T/BSKGqDIK1Rl+VhL1wApRPwHgxkhYRAxNqqwVlig5ZIANogIMFDxn0K8hJOc3d4oNfL0gCD96/QTgzXp/AJb2hFLcaql3DlS/vaGu0JC8f+9f0vnmNru1Eq59WNR0nZ0UwgkI0oAAAAAAAASHg6dLgRTFDqvBMdSYjxbHgGsVDXKxBPOFwKqCyLA+u6TKFpdPKvoy9P8SsEHbSK3hAoTf0HBcNAg2F+c+Me5g1FDVGKFXwCfNsJY2zGbdpS2JAHEsfHPcwcARBPH+QMmZzv+fGk99jzlIby9F8xIt+5bWqkILbosWimuBkM4yTW8JcYNJqS1qUL6u4I3wcPkZ0O6Nv9f1RsqUrS1O9PgYRppBwxNZ27NTDezDQ2EA+CyUynU+Auuk1U2cGJa+pK4BA2z7e3RZqAakkqzvyX28Z1NldxWyG42oFwj7yvAOuo6yQytAaPLR3ombMCKc1RQgJh0pvUd//2G3iBw/YK9BVqjFY24nm4X9wOvDGwZ2nnOHAqN4ZaXKU2dDst7grhXaFPnBtuaMU2Ms8xoJU8svDJSx/WZ76bhm6dyf/J6WdkaopX/sPwD8y8b4aFC24vLg3w0wFczIZjfZEDNzwYcAxdoj49bDPOBSutUbmfe3LU1EIUQT4cxZLZGWmcrj+SRrulQ4Hh1vIkAil4FEAG/UQ9L1LgkP1GOg2DOUIby94VXbNXn245G3TFJ1zCAQxvpArUtyUvexkYlSbowXMfcbiibCY5mhujal7BlL6kTdKIF/E0rvAhwyxRLAAAAAAAADWTjCdXImqVhPgA2fZL03G+l/nNSA0coSYCR0AJdfrENeRhJD3vUXd8vEq8rR4MD4k4qLGYo5fzOw/H7e+WvyWRX8n5Jtq4zuSbd6/qz0Jk0wKwl0vXhTEgpj6b+Hf9FiOdeJA3FiZOaW+ATXxCQnjvaFRklroklhV1cV9v5G0xLAxxaqjRlDq2IgOCGk8YedGiiSl2ok7V1JZCwNDiJ9d8w86Chmt2BSHBwwvYda8rVe85uHkwHdT3WbIHqb5ID2239yGKbUabmLfT7CCXinxWoqVx0tK9dz0vr/yl5MjHwKi3S2o8r+lh9sePjVTxjvtcp/mogMnqeS1a9tmjnfXSZchMcXPO+zyREKxHFCL35JrASeaQVNJGr10PuznCobTapG0xAHTHXJ81+5tHPKfQ6KNOYOJT8WfL3oSJJRxUVYL5AsfGTjPEP7xLn1LWyxdS+2Sp/0Ha+n6VG1/2jLTxMQU2xUTYeYSh7hebTYiqqkOA98dhPeupJhXPAfegjfC8vFO9/ARiwwFozRid+et7+BYYz7ymtflvEyXy6sf9VigOJ/NqQJK5G5Wh3QdH2VVAIidl5axfRq4NPvFPpnkC55Wb1T+Vd+Ws2BbQR7+iOzdL7VqqNpw9x6ozeV3pLsfBH8xocKU1ca9qJHvzUgCCkHFWLc4qayxXwC7dOWtcbxHp+RL3GRW1C+2ISwdQwpXmcP+9a/TKOn+9gG7jQx1Ivdojw+Z8NkpvEx47NfCkDvf4wBsHIJM6uXMSYiZFfSBRLVHU3CEGVjAY4hdl6hMNlYlFOysdpRj/RtqVOCOABgf/sCfja5n9i9YOrW7qQ35kfZdunzBq3Otko+H0+Qvw2dn8eEl78Njkl0m0K5mUqNF5yZP7/zr9jukXHbNJHNnukif6inGIoQLDLmHIzUW3gF5zrgPu297ouM9GOFyPtyUg//MS9WtQAkjMy3aKoj0YP2yU37sRf7Amc/3QnyyHaT1LqE+XMdHVq4AAAB6UBA8Ia2VGAXXYdGnsBYDRwzxUf7D388GitBIcve0qNAlfQqwIZXkoa/TuldiJifaKhpAC+QdsDqZa5yWS9qSlqZ7H7twvw2byaLxie4mBVgVLmwEEkdErdSsk7AFZkZCAWcASWps57c98yx89o852y0QdD0nzA1wsLirc3XNGbRoIbGAIEqODmnJJK46NNJJU9Tlg3Nzjc6DSXxngNorD2M5fQ43NT2Pk9NtDz0uec75IlgP0z2WjXIujs+/DG4uHHKchgD04XqXcFaF3a2DRHW1vsKafCREQdmAxK3NbfaOn6RZVd0au23oKqvU9IGEihW6FnK9XsbLMDYTAKYAOBqUGg2o5G3eM1sJGdbjq3UizwhS9m9LkIBTOSVmPBYaBgyLHgoPiTJlLBpusl8ceoX+j6HjxZgcITTIMbsIUsAIK8PfABBvgNTMp2efPaM+9B7SJRla3BBB5h6xk5zq2xmiNKrJoZXGGfI+cGBR3I/8ddKH6pBl6Tqpq4e4FAltprO6CgEaJUr9eYX+3qyCIh07UoD4xX2TeKz8yBnNTEONj8FTJx9RIFYhFbRJsxIFG+JDdK1dzw1RPRR5zPZ6QY5vNdje0tBBVERi9Oqc3FH3Cdbh3BR6Mztt4eTh5s8f85YzX85ITlCJrouva40noJ9ifcXye6V74wTnV4QyHK7QPIelYCe4kjMs8Ll+O7RCmgI4+1jAuSbbL0kzA52HpoL9xrZOvq5UPw/YCfbhMIVcV0otwFsCYKxINZuycpAQIPDMROCHJI4IlrEn0+07P1ZC+TCCIzp3FyOCNy8mpLon+42XESKSQaDTB74Py87QZpN4YbeTsMw45QGllZkviMmGjHIQdSTV+D6soXQl3A791ccA0EneeZ3CQC4T1/CgQQEDwPSfQe/qOXV6PAuFlHI0m9frRHIZr82GfSju+Zd1VKC2xup5vmvJxEkg/J+QLdK2qg00vhxAc2O9B7TX2YZPfTVaIZjQjRM89lHXcit2QskZi8UZm53eLA9G2Wxe0Rulj4YR9csbbaNgwLdGDgekVO+B+nxIVbl1LxhPiQ93Uxt8nABy0DJbpJ8urv4izVTa8ulWvy8sjge+TaC1een+jiCVMemQfIU3Ag2LVcEabCs4yf3Q9Rto2zGW02UqoecENIAAQsE4gTdKmvc+l80q6S6BuC416OJBCTB3cOrxYbkY/JCo0WoOaFJPyx+4Is0JyenNPaywoALoCDGBT4Enk9L5WOyEwBN/TlPjAAAAZzW6KOMqeyK+bh7qQQgKvJ5s0ynBofNnXF4hct6Mc/QyKVkxoSV6CdYZxq9s+bb/bF90MmpLk4GpocrRmC9QdGmRe2/Y3FMENkKWbAUJuT/4HL98iTW9QrsaorkUD42RiXd/UhgnfL/C1pjN8uTlm76ChhRC2mRGPJ0kX+K2RktjRCbt68jZ+rnxTQl9JJ4I/klW9MzD8KehWKCImyVITBidZ4QX+XYDl7kxrXKLsF2LXVc5nGWgBJWJpesonKgxudcw9jocDwpLn0O2IuzIbq/MdSirhJqdJWEsx3k+wbEGv3bvxagxYd2TkjMvIs7LJqqr8hux/1MurzqmcZ/HNz0n0+6kMtY9KRQ/t5/ZbvpK65RFHmch2vuH4TU0FCmRx+NyE8fqJ6PsMOXwY3vLZthNUwxoHMMm4sCiubrf22Bijd+zdWYIW8A1XA2DuzRWJIsnJHpqLwPaTzAHVophNrKihUmFp+WH2qqXFt6z6Ji3FSYL9wG2beoQiGc7kBQP2Ba/WXxY4gPC4ixDNeHfKlzPjvMTI5ZGHcZ0U0rf4mda9PYs6MOq6jXNiatLFgrt02B1RVeIpjlR4okHvHNM40u/J89fIWeamp9mxs3QnXN/V0saP2ppGqJrB5uVTIXlaa6cXq0aZQrBrDNYKOEjYb+FEGrJ1OoRpBCS/IljNGvDe1tDthtxzj8ABycv1ADKneRQ+bycZcS15NEwC0hl2gl0I7OUgveXKdl+2RVMUx/qwKUi/QgrRrTfVgA8QAP+GQvWWZ53GcRzjz2Txnvfxb1V/t8ft1P4epxDYwgseuK/Agegfu9o4XCs23Lo7tDUN3Rnbcbd0blu89M3cpv+o9xXMYaRSyosllLmCEhJ+U+9N975gkPy1T3oomC9sD+azBygdiD5+BxF1DCFRcZWFzi8QLbqQi38f2lEzkpxRJ3eH7VN+KWhIZx64Xh23HqEM7NDEX/3HkqijTF1W8buahbk1uDCwxZksBvsiBqXbt1vfPc2eNHhNjjGfPqeegn3fiGQ6IFnTMoxp0rDdft1L9D8yuAii4rOdDotBPQsT3GjXnLoYPZ8sjjoOf5Wlfscm1tuTqRg5Jt7tlqZewPy0vdP92sHZFgvpwwqn5NPEBUbBsBtofSYH/xJls5TNirF+m2Dx7J/WLXgkEUuIHu3eTrxFvh/vX6yGxEcKnntR8sM3DCycmnwlrK81IM1Giz6WObELuaUhV4ZBfFxb6CgS2ecjl89Q4lp1pM1okicZ54XJucr2biZZIIpaqQlc+qk7S9ZBfFTfJKQ//F4cAXxkMEh4F9xK0QutqpSWAAUCyFVOgLB3Wr1u5He91q/q1ujvIfCuhYUuPAnwYrO+K9OyogM9TOjDYWb63pPOJ5irCWqhtgu5KBm8VEkI2VsKqUBLpkvjKe3yv4EUwJHXWVWCcZ97mzongRQYa1rBtrD3994jej4XhgH5xGK7N3R0cdAywMlNimuaPMK4jZgiygFPqe940lr/TwNWgvzSA3yaKXKC8cymR70+dLMXYBdyQf0R0iunm5u6eNC2DL6Wmy7dzQaUMak5M6pDRE3ZpLaZB2o91G2lKoIQqHxVpJzjk8w0P7gWYVN7EjH70t7V+IBtbSiSBrELfsP0c2IXTNMrOrwDO3GT3SqbGgpU0WalTQT9qjJhrlJdvwwEjZn/kBPU0ffoKP5bnjAnq7ympejHh3RwYFXy4kTqL+D5liSa+glrn2u4mPTzxllohu67UzBASOriM5gGVpGWSltLLp6dLngFmpuxASs08mcDt4IBFQT/gGOmtsdgeV78A+nAUWjVDOEUjiZqwMWq43pRQIXmu6d7Xe9EvbVBSATaTxMOkVGHviPVYQzmv8ncb3/3VKTOHr0KM+JjFoRDEQaKshCpNle6FZ1awFSTCHPRrndo93S+jvzWWV1k2J1S4xg5pwDB7EzRfJgo3BdXVhiDdOSnZWPJLiTv4iljTu4fDDWI5STL854oi7FhAUILyEMonUnztS9AqQn5HNrFbUaBRRygVxFO6gxREEy9mpdCJR9ll8nfR/i7ZochiV2bzALccDQ4yEXlFiX8Nn8Drl5cD4wMgocnRT5rMXGhgdKj2GLA+n/Ia/96gzTENaitEWGwK6Xa6zhfvwXrGhhB9EZDcop+ebrNgel4tyEP0jmKvJa0avBmmPafeZhAC3gLHayeMXHsLvvSNEU/qyx4ZO2Vyu+M2RauJHvZc3PmfbSU65/ozMFDlprBwx3AOq/YM3HyP9fHGSI8kuWIqHJrZ7gL21vfE4jh4K4yrqqLwnlnz8R+434Akes6NavMiXqYdc8QQ9pgyNTDTlggDRlHv3sO8AhhkOecyJXltowGBo9+X9x1De/KeriH6ANNk5fUlJiey7NassTArazSWjLOd9rWbbaVfTuNHAHf3PhFg9hBNQr+8cbcCeUhMoo5wraaSExSQnRnZs3rcAt7OsOUaGezvmIdmxv0moifP4OwLNxl0PmTdFnT3N0AmcX0cAvkKETbSTovd1cKRgy1twtv5Bzu8mMss8+yFfYKWWcsmz3rG4Dg4cODsukGQzu8JWckAy71BuB0rxFWbDGgbz30TAFESKgEQew+r7RmADCa16r6BpSULRssHLN0d1yx111jEwv/idwWZFiY+BL3nH+/rjmTQQfKUyImxYf7DY2DjHY1jfPmCI/SliucuYOiGCbWRsPZL/QbHGLkKymfRgSTEKrJo3XqzX3czoZAF+Io8dnEehnW/6yhVNmy5fOxicoaWurV1czvtq68DEvksi6+MLZ/lXfrm/eX281+pNdywL39w2j8jSUI/OQWLDKddZRznPIX13CqT9QPk4MOMU14+bAcVwePo2bW2cAqor/VAAByvBWhfrppAEBOZScFe8yydItBldWRyDA9fP69arDZ9ulsAyitAQCtIUD9Dgtd+kMwYp0FUIAdag9/v20x1RZr+6y506Tg+NuxnO6vVmtDpA1SjKzW29mGapSh1uKebg72saMmJIihCNTXNzTRngQqLGyKCMrHu3Q0xFsLfAjtmSQcnzDSdYtv9iZ5POJJ7urMuUaBw7o3UCMRj6zUt8kX4miLlptXiBMJ4Pfsny5y3mSHXgGWk7eYXXDegnzkX19pE/aWt5aoDxQti5rbFhvFDpsfANYhYkxv9nw8NvEUmciOD5QjF+JnBEcDyNDrA+UmX8tAe4wTBFjsU7QAJv+243rni+CGbWqcXACS6Wui0YJ10Z+y5pEvho6yBbfFGowuCmvUlkJGaOE+M4UMY8ZxvyOVQ5U4ZhYPxeUFdBq0Wbyb+n5Esx0nqfu4YoV4HpE0NMR8gNCtuACF31bQ+5wGCJ4mbATvmvkP1fD0NU4SKjYuWD/M4ykiVy5jbTbfHHtyREXZezqPnvMcEnUthAGwzvGfMuRgVG+F8LBolHRDHnbQOwIS6N4h58uD54iLqXwGHhN1h4mvcRV9LeEpnCnfWnSopqiKvV/mcIpcFvMAslSIt6Ua+mqsZ+fs4HgPD71Re5SZpZD59lFDtBeJsGqJ7Cxu64FO/DoH/B0oXA6n+6yGhKOEOKeX52cqCZMpd2NsGspasWWwOwdRdZKnfEyA5HoeJ9hfy5rt2G3v6ik957xL1btzS9F4slQCWxtDVZMTqWtt8Jl/ellI2LwlRsvY2g44kRfHZqDAE20lq8a8Wg7C2kIrfy47rcAaVotITo1amfPcKnfMPwtI+5IbkUxDcTyDwouc5/oQAKSp83e5oCekzXhi7H9Ku/4dx77sVObHzow5Xyi+P27o/G5FlrN7QGUJzoEwAQozOTiEdc/TxzJK0kCM8uEUBqloqMLj67eqDLqkeZEaCJ+QXYEpT3Un0lhOoja9ynby4hvjvPPlDeU1F0LlyI+B940GP9JQTMk3cYVIlOws068mfN9YGs9yx2wXtgBFaQn+JruY0+cpT46i4sSEaaJONtg7Sav10YWuRRbVruMPZ5qlIbsgArMrkOXxywnILT8ffJ2qrKg7tj3N0a+gLpqoy4Dv7tHtLyjXnEJzDjt2RSQi4qwhs6NUknAkOkAUcyK5tHz1GHdqEN6QsnUF4KN+MMz1qu+DmZzpvMcb3i2f93zQjcFBioIp82rKSIYgVLOZxQm2Y+IbjWPfpBSO380m+8FYb3H/jfCEw0uToUBH8yZ0htZTuH08BspC+gcO4NppsE9dVWYMdg3khk10f20LW1DCFhC8sOjr6OapiiTmRk33kKsDPkt1nQkYi4aKooKY+naP+8HfypKCdYfncs9SMuztt6DSdMvyaqzqlrREUoXsl1nJ4rpvKkCnQaxAyWq81y7gLpcamsPuf3vjqNawhtLk3BGnjQ3iUuTU085uSkVgI3Z71KqXKDmabjyaR6qJla5fRLWUYsOKNw1mY7aN4em1wi9dRoICAHYKdOeVzpMEZcvCKG/2VRyLNTe4B7Izi8rlRARMQolXVRutLG6+BSCE65znGN+21QNdD8O80GRyG1Wr/DbRBpZAWzCUBndrUZrjlibBlRawopW5qxYR3jmQhI/x6+lnhy9MRnPLc9HpBmg9TuM8GXFic5546gGxzj/e2Brzi5/yliq7SagUvxq7E3uIARR9eiYEdMBaCsOh4lvsyCTk4DuyE7E4b4PiA2OBgAiVcHb/7P+H4D/U/kJua/iyZzFRs8uxEqpYKjkwe9d3y0GJG5NtmewEBjj6Ue6bGRSUVsgCOjrpteHfWJG5gLkf008AuFvJkO394/wpsi3iXVBhtMFNSXr5JUVZGMlI4rApEKBo272WnnGav/CtaHCCKLUpUHdoCpI2C3ESf7crwihnnAI060KfWgzAZ5KjkYzBbYCgPoEcFsebStuT4/9Y1AU2gvtcGJdNj6FkJ4OS+c6KZTbTBzN/v/p5Foxlgiuei1duSuzsSssSP1YbbmcTdiJmb5mTm6n+op8KfYTe8VK2OKEvotT5kYo5HnSQZj+Savn2A/6mmduoiEK9MWGdfD/+SrHVsISNNqHKIebSgD+3ZXHao94QHgg+Bby7wQUApFKLRTw/tt6QmzSQr6n2y0zsNC30g3SkX4XN/ttlBrsbYYWr7ryCYOBGdd8K2tBpWbM2TPHtHwlyO+/j/PwF0HWds2eUFT8G/zNuhSb+R/5vg+9cWcQQyUX4Z3TM0mCuNj8bkydbxW7zPGKUuOL5edZuh7Rg1tb9uNVOXAaBcsjfRQUuPEnIOVa0qsmn9W8IJQnr8lCrGGoTD32i8C5fvQ/AynczYatx135dNP4LTiaDbZbO5FBB+i7rRtIChiBt7W1DchIXveW9/uLa1KjQAyY5iHvULW2i1fVbkxiZ6uQypgJcFbwgfv/8iKRAFeJbUjhZjk/ytwU6Ecbsg9/HbSbQr+wjg9m1rwG+rf1l3XpAztp6s/XefzeaGUGMzwi7hrrr32CM3rk6lIVMh1pGbrCmkIYNvQ1GYS292OT/guanYSjfu6Zj16N1kPdDKZ+FgJQrcp7C1si6nPFpgKZvjpQ6qtwW+CYMq2QTq3QhUnr2VfIPnCCIPgrx4oL9uNzMG/bMVsvzwcCpaMcSG6ofz4LgFbMOWMaCPQQzzSfHzWTfnnQGlD04UtWuO10Rw+YN7R8oNHKsz+lT4GVkcLC2L8enlwMoLq5GGLHonr+O6fuUnm8tJwPWHjoCMFO8St8M1bQL+UURiQ5rg1IwAzRAO6PmldTmHmk1WoGFoHor6rRnEJldEH8Un5tk29bL5kM2uTyH+WocVKf6WEg/u2Ugp4OvG00kjQbKVP3c9RTy4cJuqvSDj6BrUPPajBXV8iR1A6ZMykicE4vGbAjZYa0mKgWhSZ69KkxvMZ8mmzZd7WY3/MG3C4Evn9itcASPdDY7ASFTuRmSmbz51N/bXbpVML/p/4sSeJzV4Muuif2tQPzibttWhH6LRSePS9wTh5Hlg0nDp6x0ucqIM3BEhR7QRUbKMO9S1PkaYOKosbz+I7mvyr9dPFRk5QldmaA1UMwk9clNd+C9JvWEVeHs4kVIWGHDbWveTQMTU8gi14LA+3YxeJZWWKqXJhz0mNJxQfkwyVXgR13T9t0Caxf4cIYWR+4ihAIrXHolEWsML7PBMC5J8KpgXQl/3qnHYrKG7vVy+tfYtqujNJvvCgG8K9SHjnCxBJBZSK+JUOasIPujpncQfnq94DRqDpAWp37mfwN3PJWfAHymy/wcxuaD2ECJFDKPAb2/w4MnxrYW9ECchKHyuHjAtR07LSpFYbcN1+RuuqVDlz/MoS5YomMrSc/MnRlSV0zqP2OVtN1Sqc8wQzpdUBogbjdtf2444BLC+0S6JiF7K4IF7PxlC/EcA/iVu3mHRdOC9LJ7G4W+hdm7u15+MPh9IWhUYNpUBQ5DvUbxxR8LhtUhesYsTTrMmz2TreKZiwhthOaudY5fQbE+zXPJ1M+d4yDDPc0aAkd330CZc4tqUnM4h0NBtpmCCsz8IoSIh0pmPrIG/I/Rd/fI2faSCuqCQV0rCSCZFZSj8LIwH/o8Oyq1ZRH5RWjvLtUvO7adncV9yd49Ql9317I45Fgfj/WgTlKM6RiqR20Jb46vT6Si0DsW0I8eRfAcvwdoQmcYnAcsr0WIFA7ViQQehrbQZS3XtAvoUmFR+koOuGpeRL2klUwBTCtQ6gRFDKODMzHk2L7KoX11k/+3jqt2rOR/DUhZ9DWOfZnqX3DjT9Uz+i3HYx02+89dz19H2NfMP54oc6+48NC52PNvNAwALo6EJZHA5/xRYnGSrT8bNWjbEGKnw9A+B7Dbm6eV1ze4N+z06qxWxPeU08o4rFMWN+9lf84UDsNxQeMzaPKsNvA0SYdVpMWgjuVvOc7WUDuSL7efuXuYbzERUZFJxZuczJqRsRpwdhSiWUyC/nq5BgOzg3WeXEpRsgIbZ/Pivmoa8Py5MkY7kpvQqWZawseq3bciTMISDQWqJMuJInXe2+jm0IUo+OBWGSnFONvug8iWaY6Trs+mi/NGdUFF92kQtOqLMonUaGMKN24EogwBDEJNZHSAs2TbMpp9amfHlaydXXhuO8jPLD0k60qw3EDMUu8ILWKCn2EsAzuMbsqG+F+OZ9VfWy7DX+AXOCt+BM7aBodt1usi/5S4zf3yhPL458SIE1kf+3nLDpWa7SRbU/TKEosFruGhXOQopjyC76izY0I5Cv3ponUq6FbKjko0AsAT1mT0NMRb2qSN1x5qXjNQ4cfLOIrmI0DVtJ6fZmscIY3Mj3QqyCe/+H/6r+IOUW1dYX+PcF5cSCuWDBeiM4Ga3sbl1e8BGD+LKfWwyePxKEsXCbMil+XggsmkZZE7bS5wxWWJ1LGU+TFnPhW21otkJvTPnmbggD6sqdG+2Bs2AGzdNXwYCvCzW0M8YeGDyxSovWDLupIJqkd146ccnFYM1CsnsgmtCy+lkBDRtutoSnyUsBmYX4bPg3HlAFC4RDvHdCeJSTqC3TUw5G/G1iM1W/AOp0j1ATykR39rkYKSDJY8LyY59o9Rn6vTxjBz9cy7HcMGKUJvXgGFMDPD/6oJDrpLW0KRHP+RqTZJt7Is2O72kITrQZxn9BMcdPEeMuVDLW0F9iOoUsH2cQsIBXFQqPKAJVE8XhBowLWUh5J+By3VwWSBIxQENfjgea2UaEttWRpS9t4ZmFPWdjaLuRAhWIr1LatGSdGngybMgxvE0Ru8E8O9exRROOP4O8FMdoAsyshA/1F5z/aUGru5Trs8OgaWyQcstZdMEe1QVsux7Gdl2lzR93UK4Ww7mm0TAz9OSdvY9Y8P45gZcquKAgYSz1hzm9LPEBgV1xgBz6MUxwWb4VW08PiOfzKAqDZ2O0nGVYt3fdEsUt0kDQofLL/a/G+6I/TYTEbqI5nd0j4cQIQWkYyrYtWMAyzyZxXlI0h0g74BKniKGHK5NZ/WW8CTrfxdT1lNw0y9NfBm6uR9fdxR5Rf0y/+zaXl7MK9KfZyzvxwYp1A5szrM/gZ19FOBgcCJz5k4YgAQTZMCduAnnI9PTVty0rNf6gV+BxuuM76uQ9I9yX7qjZE30aei6UrkQhcqcdCyZz9iTj9nuWWecDM9GwDJCNeKwe9nQslu8cCt7QGPDPTCjd92SiZHyvBX47xh+grXV7FekPpi0uNDLkbL1CRMYycV35dOGNN08H5Z7igLmkjxSlJg1cMzL+8sr/aVKEsh1PL95LsfYP1a0FGj32zw5pmiQuSCvr55w7/sY2HgCIEX8I7ql/ljq4K+v06n4iyVuDDks1v1ZusrjmGIy+PEJ+rejmZRJ7jJqCzkgh50PrTJz2Y7lNfYZgesZF61ofHr4tGGVoERBTXGmi7NGN6gGUKGnbjpPoXm0Wttrit3UD1HsWQ7TYNUvkSaCIU6PguqbNGefIxccNpTqUolBxS2kiD2azn0tM2sEWc8osfY9PY8jleymjYicfs7ZjlQMF5ffXaMzJQKcGSYzTibk58M0gR05x1xoo+OmBJbOogkSmF9WDC3fOwM9tScTZmRBzOScGz7dnKO+BLo8Pdb4gxfE1mWNp4veve/lMGFGn2BiorT0xJ2HIJfJXzrMqFTAg85erZjH31gY4kUmNKuRiw5GT1EVavTH7xXafqQjpz0y2Q5LwXj1c5QqHhRwkdlsfgu3R8TG/k6jM2eQ7XiVPOchLtPmVQa7Dw7bjhqgi6tbNks9SUUFcvZ6QRggPB+2KSS804Tl3LDamZoY/xTVLvpKC5K8CCntREI9EBHX5fbOCRU/7xJhDmaM8PNLziRUeC4d0Om44k8ukpq+WoMRlREh9QY0PxtZN00VkIa/LdEQBy5KqsUnQSQJFRE+rAPLpJMT+fug6BAiHc43qiE1tnJ1RAmM8IB4qlJ6sWxjONsfyFQ6ET4LonNcmrDhuLm+TRBV68YDJSrHFEpbalEaJYdNnJFL6ERupJFATq0rlMDWFn0kK0EHHpNFzsIPxlfQh7wCL8St263a998p2E2ZdCUl8Qtz7Jl/e1mb83PftChYMxmeYrii51tFJcfg4ZJXt/nWnBQ2bl/yU39S0Lcl+6r+Fj7umj3e2VNkSICLaVfhacJ9BSsm7jc2gMD5cFMDDQOyuyWR0KK2WphlYPyF+27VdlVP0le90RFBULn7LC+4yud4DahMK15sJr1X4v9OZAS2vIesx0igkykZzSA+57rdHZl//hnbq5F77ZNZS3oOL9+rSd7askr8z2K2Z+GCK80zm/uinK0Typy78KKeInYvLHP2eMjX/+eumfs9ACw3SCUeYzfepaFe4+ZogOG+4qD10x6or3PI5/05QOS2FeegiS1uIedE9EvpXVwHIq2cgdUIpZDZFTy6bh208/euxkhXOIo+BJK6NI3asBN9P+XPDuE/xJqh8WHmEIYf1pO38EiUk+FEYprF+KIPUKtmcfi5B4y0YzceQaFQcvkvBOWnB0whxy0KBrBLus1y1ySg+tv1Zmdt5/MA3WUW+PiMzqd7Ax1Mac25ltu0mg0tf2T7wwS5o5t6dK+14eF22fRY1EKmtuDulAnzhiSmTlf+32OQftQYyQrXTDPiTg7PzxgcvKocnXVuU42SE+ZxGb6V4BZworp+yFiiDeUpmya7SjWeinVH5lp49+du4oSti+RleArjcqgfIK4lh7tB1ee/ftzagETyzRzNh+3hi36hn8aB3RAGKSXIT3acaEDFeFJC9AMaSB4VY0wh0Be2zqIo6doqBCmYh0k/FJsE0/ARN/UqSoVC5yIrgBTMeWIhZ6Bd26PVTbZQyH9Vfu9ccyIBCyYuCjg5TOY/ONXof1h1rObyQcTY+XotU85NzFIwtqk7sSQcILUwoKRu1FqoW5kG59Wx29emwIenq4euUVV8v6O7+WCZGlrs+2lt3X/b7N9d9X0FBbLztGZEM4EFPtaIdae80A4qD1+WgGdBfX2xceaTxUVslwqdpeXzE95XNXk0cPVqb5qFFUTh9JiYSR3DvBybVV+v0LehTqaLd65EJgbgZveHmhyH+0DVk/7uPwE+a73vd2SY19F9KPJG04CjeOkguLl4kIODutyqkyPLNk1yhP/3WmC3UKENaOiudopZI8KwFrx7VyDDeUMlvqdZqTMAUiL3WXw/HzQDijFpjF5uNjfMF6D2oSkhx81bOPfr0+7nchTXfAEznpC0ukZLc5F6mo5x2WjXlo0TcMHEVfpn4umCvlBkBr7382CHzfFVDEfWez8zWSbZ3o4hG0tlysR5RvtFeYSmvCYU2toZiGd4/GYYTINei7VHivcg2h2etp5Ko3N8WjBlkqesNjAyfCTXIrfWCn9A5onj5FVUsS3b/sNaaEd0z4zSCXlzitw4z1b3RtQZfjOdRZ7n6CX/RMq/Ld33Dggsp8VV8Wr2fcTGL45MbtGtJpaYXP8s861FqLKE6qLJNgII7xUPo7yZFyi5RWCRigReiKt5mIwO8procVL8H89dxcDjXxKDWN2+I4/7wxQ/5RMXTMr5ILv5GCrDm4BnTaYckwKTDxAa7mnm3iQZsC8gq5qYifEUFzqYJEYLCTSeuJq8KbBdpN/QcDZjgVttHdD+Wa/SJP5xyae2cekOzqaD63VcoVSEb2Peug6Uz5GB2c6bNVWyf+WcQMFo8bdfTSWDpFF46ZwiOnp2eFNIucx9eAs/PUdcjAie84okKCzsLkibERPyw2HsCxTmx5Ybd1CtWa+pmf/j9QSqo3BDVDAoGTO6+CzZJJQVEGPwJHHUI8Bao07hSN0xAZrihGFWmB6GUSe2biY6k735HBH8EtTBDOsJfv52vN0JongzRUpRUtG53ZTZ5DH6Kz1IqxQw44r5uBrbAkQIQMaoSjRLifxP8YCKRe5VlyydbrxRNlrVeh2ooTiPwqGfO8iZ8bVavrshElfjFAUUZUUBQJCFk5NhhreBr3cUhfO41ryZrMQ10B582hfkowicuV7Xvuk0/ooNGC7UvHS9xdJ3YE8QT7UOQL3NvEFEn/adUEdEXPaBQ0X6jpngStiBZ36GEbjP56w7oTRZHxIZlb9ES2V6AYz8m5LliNkGAnY+5NpGXrUokdXXYw5T2kqFeCQXNPdWbm3o2izImrE51Tm9jgbnJU+G+yr7d4hSsm8MaZO+MsYflfMuJLTeCxbLGC/hM9jYPPT2/l2IEgZCYJPm3wz0CYF22hhnwBq1LGvfyzeazxWcY2Gyyrh8jqj39Z1QDn5wzccWVqSPue6Q+NCosjQXRf8PB6XlavedKjZdVYxJqToMzVE+N1yTlwQdJH0r8SYFe4fY3TtDKxR9NgbzAxasAYerfGKmc87DgpDg9yhqxXjm+WXREoMeuw7TwzK0Z6n6ItWD+1LmlyZwpowDMBO6SF1xlcY103eBW2yHLeCT2r8lzu7j7hBbP7/vRLfnoPq0YR+vnNFWz4RrWkTdCahys25ZmFJO36fJIG2REUFeTwmRPdEvyhSKpgQH5RzajbwS8rDyXFYkhhUGyqHk4PsKF8ZWHPfQiDuLpGr/MMsXHas2HIek8e0P9c7T6oViq7VekUYaKoTMusVN6zL8N9ZmOJEy18LSDpn00cmx1k7IARCsMb091CCax56WAJYRocbYmU3vZzMNX4q5ZvivaAbLiVojtE2kjXekGsIGDjqRByHu+Xs7H6OMnjwshrpdg9CYxiTWt22eWu6TjrO03Rbzvizxrroa+8ER3a3sZ856FwxnS5G60I2GCotkfbyzoxhGZNfTk7AUg8llkByIevbu7kga7Qxmczs3gF5+AiNpWnwFVCS0DCLK5gdVhGrHSveAtbzqZvy+wIySRM6BzSum205IlvzilTK8gIb12BwAt8M7Wo6hak0FLixy3B5EtNLI8R86ZMTWJoizhAIiChR7XXlI1rrVt3PGV8jl6KWGjJS9FbWC3kIGFkxPBktMpRgmeHoJlwbhtUFIb/Q3SPSPHuZK5V3zRbJyRHaSmboEEL6TQo73A6fmvSvwuI+q1xsB09QOaftloCz8HxdAHBv0ikCt+XNQhxGRqe/ntDySmXpqvYU0srRKZQj+9HevH8AWoN7ClBRbje8lViiNCIXam8qm5Q9XjAydHlNJ+SD1BmdMAlcJhQgSEcJI73YoiaPOI85uxhCZFJoZ+JyLb4LhsZlRG1c6c95jQr0YAp10Lkr9qxkm1ab28sGgellKxBItc+7qMm5OyhoMx1m1i4Wb+sPvLfSOI8saK6lRfv9LBOv4saw2m0adpcKPsGgjJir0ETJ+YtRCAk7IGvJF076XogkAggErZ4s/uE/kAlrBAPeOm29sguzSceWk1QLoZKwaJSemwUUctQqPG3NwFlia9NfDc/NkkPgFsClK2CxUbsLOdxME4M5VM51fqdeZ5n8ZG0tl1qQ2v2byNshCxqZYegbzHUcJwROixON8ee1LLoHBbCqtJkhvcgJRfkTsTIPQO1P+OcL6KwW2ftaO5zfg/e9xsLR/LxvndKf3Zx2P9VYDLb0EhxZZ4Dm5/uQ+JDEJV0C2mbnW0G3bwGbVo2l0/bxumkGvGBr5W/vnEu+rIpRMSonSmXHx8QtQFC9wHumJkYsXkroS26n31jt/tX2qdGW/lVSBGIaNaaQIid+EeaZQgc7cMEeIeWM/adSkR1dXOY1ikZYqYzVRReR36d2ys/JNWnA7Ohg1juOWtnSQjudMh8c3cXC/fIORb2wcYkvExgLRH/b651pCIRKGmnHZHag0NUnf3X8O4DcfGKMNGGBWCuQODSjmqTF2KKs0jD8pRgo4qbYs6m1qxI6KDyrvO8saAZD1B51bx0tx8EuB+IBLzwQRxCvOwCTZSgSrPJQT8ZHg4v7EjBwFBpGEQK/zpawQIoIB8A8vxIFW2lA3bIOUGFyskrBlo9LbFFY1BE0I3kgcyclS6kfk1/bY665XViJlJpGA1OwrZ5BxvRAOX22OnJlAXPpqjZ0zOVaeNwFI/JAk+i3vO9UbfSGVdtlmX8C21hpX6aYHl4rHxXKBX2LBTtoqa1kbQQqsJblkx4qJZD33Vqu6KhqbES1BWWqnQvXWkW+h8nGecM4yEcJuHlFxVMJsEZUcN6a0eu+lpFhQbcTt67PdbJ63M7ycqqb6gDXIVmlQJtpLIl6uWudzKR5ptGKUZRjm+rXkwdrHOpJyZluBrsiU3LBoCmcRgMTSduXAnEFxk3tIaI5fRn5C38ZsuZjhnHh2EnViXQATPxvyrLMFABTs9SMq+W9BCHhmCKkwF5Mso5dBr6AhWkFO/ueKVwgTSuOPWEBnIQDRSB7Xp5WKcgBPNyDG/vIlUCTicuFZrHiMsCHmUqlYGeSdJPP9AO+A+m9LUax4x4lm9BkbyX5M8duDImJvbYKQZh5EsRVmA14g2dY8Is2c6yw0p8QoOW8V0l9+DW4gjOQvdwJk7yyVlaVUTu/jYP/jms06ncFSRMtgozCHqqGxXBuaXQ/H7lv6oJg+zIiyDrUB8A5yKhtIYM0tW8aXGE34fUBqIjZwy0DnVkjMm7/lr+SgRsdXlX3wYeh94rThh74RGQpRrH/T1OcGTk5qsEKp+i6Ug+gLG2Vl5qT0/A3FdxxFROHSu9+7PjWSB4N19srv6IiyTA59RjnTnq+ZZfq48TS3C+Rd6DH30W5ut70+gIQe0Ef9xGW4mbOHbeaat2MGBwnWSzrLvo44f09iibnMPgkocUe8J+FVQdMXnS1GcfZNGcrvpH8vt/oAg2AoPoB9RhZZxSgO7N1p01L3jJjUnN0q4JsYlkNEfvObCU4J9Lyxsw3zXGDf4kfRQWnQ3hcLbKBEMfVk3xxOwLogvVuijTAJ3GlrdHUOELcJAPTvBHKTrvEZQ1LE4jOKRsrDoJsEO95spGTgi78omVEpIxBXrekK4Ii3ILp5UYrfF3oA8FsAEvKoKyOMNoqgYTHLOmtYsdz16Zn+K/Yz0sejoNQToKEx3BLVWh5NZ5OR8i7kcdk5av95YdqRtJM+1TDo3AYknXMQQ3XpPwSwoqRZRyJrgqTHmsXW7DASbWpTHI11bsxnw/69fsigPfWKaCQTzEt1WI1qONlJAk4Fxz1lkopsW6WTRxBWGn7Uxqa53gp2csCT0HnJxtQHwgK88/7U9jrGdVnHUy4nZlSuiyDaiL4ltajx5xd7cNAu5uko29Yo/6ipf3V715jIbSdmU2iXLRWWNCi696Fzt+eftM9gHodaFz7SCpt6EGQ4YNE4ANo3CMS6wC9wiRXYYZxuRZH9o4bw/qVTEUNVZzaJVT99dYEkULykSYPEgerwkR/suH217DGQywGKrZQW5Xt9ziMMiia2FB3ciYuB5iMYIQ3+dwRrBnWSkJTwmg1xPnTAZWo/DQWu6eIAXgLQvTSH1QCAJDUxAanRxsC4HS4/r3yd/O8H/E5Oe0XCqOiweTfs0dWcMxf4T0+bvwiZvBdEFyfmIRJ8KaSpcC6U24hXZd5EYbOLTSWst5DUTx0gprPey4mAFz6Kvo2sjhZNHB2WwH76u7h99FeW8mf01hGxzKB1GfiyO4w6zcvlNE9+hoXhCEpjqBasVG8FBco0NEy0b3uE0pccSmP/4Ah3dYPK1paJTqt8QVyBzCEyc5hIPRsLypV8ErBPvQtqcFeJIfdbDLEHasmhJSvZ/QGHAAQI17RgYaA/iPBAxR1wAUHc4nEiLsj06fhUZud6v7EzapqvQovrhvo+h3vHu8DJNYaq1m+SM1IUqa5NlrQRMX1LjOwZqcd/U0g4isvAFnzDeHQEJq1I08ChHtb3ZwThI8MVSc0INdlUA6ao1/iPZ2E5dbG3ylcRYK/Kc3yrXgH8QP6WQ9Zk/wivD0mNiJGv6t/w5syPOP3fVs4u76G3E/ZRgPH7l8rai5F5to6RqjSbo657ERS1STMmLUd1BtQYbIAR/7zdxCPdyL+RTKtpvYWNO82GRUqcAcIss+8tKVjgLAfddEuAuKvE/fj0WGIMWB4hdaUYkjlC+sdLto53si7J7erePxCebtdVxgolu+1U0Z67RGBcE0H/ZbTRDUPdgVfB9vAaqHTzXX09L0YSPblI9FGnkFPO3zwZwl4m7Hs7+tOz92asLdsEqwonuTcEnafKZLHh3DoGq3PYvoRwDLgfrAiJGHQbYPCqtzjrbVpjPQgVZQo1dXRw6a25X46TRHJkM7/JrjR1z3P6I1U404XBzHc6m6ARirJ6nUA0tsB8hEmeyh75epFjltSzo9aMSDmpooCIwx0SQVhy2cRZS4V0yrsttDN1nQgbRPAybPbQ3j+Qf4EMQAToHNvbdHHiPTTHtkSSU+ve3P2RypiDHwjlSIuFCmPcajYA8yI/JWwgEYT2X0SKUh2vDJwZpcQTdUZDiQ208vx+xUSpNlro0792LwFYpfw7yUcKURr5k+ofpsd1GdrB9erBVurvsgX7mMjaB69js+BgBDETJJvimbBUIgZdMiwdzC3yGVDq7OfqwiOqJBK1XVjEMCz1hMMyoxY0Mm6mzIAmxdGKmV8co28dEm57Ijl1H0sSHz9uOABF3m3pDWEHdSFSwk/ZzMYJKi7AsvdUvOV/jLuzHwgemcek15Au6zO0fThQBH8K4raOKmYp5n6I13dOzWveA4Ui3tvg9+hXR60nixWbRQFokpgkvBx4VYT+Rbl651gfgJA8taMIQGAKd8236wX2FHXjQvDq2g9MyAWCICNZCz4xz3j2TZo6M/WTXF4x5MuGoRi6ZKJ0rokLAVYmhCGTlq39EXAtGD2vKyxrHSebN6x7eGzgph+LCpYmF6bMAaK07U1Y2UiBh7igmPhBIPg63lHHIOSMWCX/7YmLOTJ2BnajJJYwdw/grOoPVyst0Xy+nbBxrg8w02hb+/opBdKIhZb8DYEoQez0G+w2W4yhndMgFng6+ESD38zbhwomLUEJ0729pZP+47nyqrL6ZbQiv5L98NcswTQXABGe4ACfujpst5LsEqNLgTtMGKxMECuACfTvHAGFPwvvzUc7SJ4YIaGSVxitZrGPR0s6FFfOsVEGKAb0brTvaWvv5qQ0cyA0mGHsWwOdtUjaT+Qrp1lIC5iAxjw22K2fvlmcDW5VIMek9c4az4HAZ/wi/nZ93UtiLTyNkzqm+6jEppKhKVcwzQQ6faoRfo2tp1grdJmcF+olr1nij9zTCzLQiv3mhAtTFK330O/0NQELcl/9ClmhNh2CURHpbLwjvm6W0WB2maJkX0SVdUuF25Mkh2QIEION90GhbgipKSUqIeSvj8jEDGmOhpYV8tcc5q+/WrMwh5CqLvbx57AIjVmlOvkNW5RTcb3WQoyhFPeJq6yBL3kSspTQNkJsw2GHAxucIrQN39Wkijx5MaygyKiZNfl5WpkSz73Baks4CBMbkuzHux1C5wTUC2vIORAXSwbCyXnwWfduomFNZc8oVJ1/GtqHy8MuokJ2AyIxzx3L4IFmB7Q+K/w54UUv/JE2HJlTF2wDt+UvP9mD9WPadkq8GHM+eXMfZDRD2bSj25nooLGrPoDqVLLfFShhtTomRcrCnPgViO7yVhMANqFPYo1ZBgj+GLB31LnKX+F/lZKJh87rRYYwi1a3aGHLHZA4erJl+jHlQVjOJBFlXcaMmep+2EfgivGN+47FgkthHu+xxofdT1Z+3md8CJGHd1pHz1PrUEdn37MY6jusq+xWLhQMMDIF4vvyE5nz9LxGznHEMn7aSP9VQT28IiSJdRrBCs669FbtVbriypq3CAPoTBZpklXNv90+BFMRamaSllVJ1clicGArFZJ0WUHmQqQBn0vRPCZtz41ru1wnCCSFtg3XxYpU5oJXmJl1oB7joiZhG7jt0Sse9mQKPL1+0GdQKv+y9Q5lyXqhP7tL+XOY6jdC57xu0O7M/4miteHo2aIHiPYVKUa5r2zA3bBtWgoRHcFc8QF/3IbYdxjY/aXTgZZsLzs4g+73LzLUREZil72b0czIUVxkeSzDEdo/iFU8mEHFbQ6A4dw78BeMcsMSnUU+sIEFPTx20JawpZGiqAztqOCgEXgE206A3XtpsZr8GqLoNLeVEtO96JUPY7IEYQ2gziv+/9EqZ8UITzzUrVlPOkO0aO/nVHXr2nuX9dP4q2GJjBVfjj4bIHTpm+al/kY8e6QW4yyxPfLxSjlvvNcFnD7uy66c5TJy1O/MYm19wL1RfmrfwXNk3XF6aWPmL4R4uyMmas8rM4SQF/jfvs4+/hpM3Jmbg1ZZk57Kc3LnVh+gy63Jr6WBP+MmJHvcm9gut55LKgLjoQ4Oqi878qkY+gpnp33Iny2ELQlQzsdShORyyE0YQPd49O6g9/KSukKaYDPijW6+eWVGgpR+giMjEwIkmDcjvhr4Joqr+k1hcFOS54/kfLJ5Q+BugkciHJ4rRZ72Xyqk2aq2ZFICiSzDI75Hf3DVZTYit/i5YJYp+dQVO1i0BXBoYIefviGQQYl7vQqRhzUUGOKZChrkLe1oWr0AJHACYN6Fqx8ikx5ndxzI/p4eJJfMXCEUZnzq5tUhmxGFeCq8QRIT42XcPI3Le9+EEtsX13ItLBV2sroLsZrDerapS5j0SYFMbMw93XYTUtEdun8jqwhm/Rzp9RJEBRX/ryvqR06r2t34MMiLiAka9er/2gqlfhfQgFwTJ8TMOJackfLDZXZFjx8Y2ydudjF2VY6z0Vuwnau5g6fhHOgGsyVc/3dbvCdNgiAfzGwIhxYwMXi7NfuwVrYhde4b5VLcsrxxTz9UbVAmiUIPUhzjxw9iJOLkdYpaDP41+d3SvTPyBAkOVXKyEkRkYXc8QSBSXErqEfSC5KsjIxKkMb3JH/Ou8V5uV9FB7S6XR9lzx4XvjrMJZj8BYQNR4besNNro7kXWhBa5aeo+pyys8oZPc8z+OvFUgZooJ/m0RqVD0geZDs3QkRSDFn4sixb+Z7310lY9fELetISAYFmpvCMynr9doN2vJSZ4780k7nmC7GvVL5qssc2NOwgV6mVasT47J2KMxBdA8UtDV7ANBcWHP7aK/Emiu7cMMiMqhiQFP7zRQWA2Shhh72boJv6ENtMA0khtzbEeGrODHACI8JVGOAWFndtVMg3x8JIsRQttK7AIUJQi/iFakVnT8yne1u4bdywOapcm1D+R9Nye6pywVlEFl1LGvNex8s/724zZhCyqHGjpwgSKnZktz7ASnj17svw7v8gbpjC0cMsABD1fFFaxGuowwoEQF2kvZD+3LmlKD9qiOwqogI3TCSPzUDwK+UGrS6zkTTbmQ/O4ROHeQYZ6OZ1PCMJ0XS0SfnDnwR9KEslHKpQsC145wu1O7Bflo241saC1DElqDrHzjIhTswnJj4BwFxEeMc0GwZqoUmRNIAASKhoMnIGt/aH+V7ri9pi/Bs5xOJTiZyMHh3pnuXOC25sBPfV9JczrYWBh63I3/6XF7CGy80TAylrZcALGEfwSjlgmlDFiy6JCIETZlZTEHT0kkPduJB6jMoXcb4CVf/UTv9OOHhUz5xwMwcSwgbkoycgUxDqwNUxWhFRZBUJwotMk9R9cjyGRJBBXXvhBCzQCP4nO2HGNWiQCHRlQ23vOrKQyaRBSYeFAWzKJ+SekCduKGuz7f3mbbiLzz2NkojHZrN08x1g2Ef+Q64YtLWcC0kxzrjYctqSsfdIvxjBBcV1rg7dUJ8LmLU56hAE7VBHEaZYpNAlanH3VOvPHRkbdP4hc8NAgqEOWWYbx2b4agnjjLW/PdTYgMoXXe4nMfs1MIoJC9V06qd77GiyqWF5KNLT59qRS0QDnLZDqaaR1LUxIifuO3R5xYfrzWgTdl2iypzqXs2rgQUiFHXx2mavMcyyxTMR+b1/gzgJmrabgsB4rQeoo/a/fuY2Fl9m7turPmeJON0yoiMi2f1i2FXv6KvLw4WiAD28nJ2zzQwxgaHQFbSCkm7TazO3uYpWHFymHplzTRtv5W1BJw875uuE4tnoai/ygpazk2qV5oNhKsgePT2LcS4JPe3h7dTk8v5eLPcOHKsUvP5HpeDFECMS8M1UDWOkSXsImJa1RuerCqWQMShjk4RfKTq/2kJwdV/VqMKwdc6bUEhoNsZqNiFkKCuxyWOjcP/S4xBB55uwDm+7EVqKf94AdnaFxGJFtkaAl1WZPVUCCFB/L3Xm1xaHROsvxAlGKSZjxvP2tKMc+pBvBU5H4lqKJO7SCVW+EC73MVRuCMouZxL0NlL8iTgZKQNlxddGsEIsb4vleSYlFGiv7AU/424ZYCldERCkIfOLRa96vujFEih2x9Dll/NwqGu2odHsl7zxcEtBfulb31jexHpNRjRZ2Ie1694v/t0YtwdDRb01dG61CDIWFIm2b5rJyW/j+qTzauHeCpSDXQNoIl+BN0df+PCsDXdZyPK/BEMD79fPu4OkqKxM6C8eLwArGK+S54U9Ty8u/jgOvU0t3RQeEbZJ98Z9qv5jHNsV/jO5b4DRVOZDP/Q9yRCbou61pxcdydNLr1RO1BjITAl8ad46FRmhyyknopZawAxh2gKD87x5by4uKV7tLolSnXNZpmId2mpMBDmiaXCj9kf8FpRUsCfYTCjWa10zcCAoY3EfRHunj6V0vg/kyxk1EqZPjTCmteJCb54hiEwbx9nIDzAR43PhVQS2wNzBXmYfIHLXr8XD8KzaL29Bl92IufiCuJ54pPxJF2ts/1aUENp0h2gSbe720t40ZZeceCmLJHYM6qbw4b3vs969K7Hj6e4milgFjqaugM8JZ7fRuFxXgftMT91CusrL0CB/Gr4XTZVOTzGoDzXmvabNyOibfxrx1eGWxtX72wfS9TheMOqcS1HtXC+10JKErpIGxrcBZqKkL49VX6cN43rExgkDJc/4fhZPXTLKG8FQOIj9q9EMCetZkCpAQjuuz6hrASokIQoSkfjb8XWd8brzyqfP1lQ6OGtlYQ/+6cT7TFW2iIut4tqpm8wy5tZYazQt/HJg+5OXXpTdkmgzr3OTR9bBuVS2RGY0uP2CfF73iUWA/T2+dC4wirGpDCd6X9iOf4AVolv2u3+e0VaunyNmua44AsNXna25viV/2JdGNarMRc3flMq3tqajpilOZnMU/yODkvBAdP1NiX+NjEHLrfofjlpaZSJexDNAdnAUlC0ZB2BPkwTn79fG/y0pw/99Y90jvEdevQa9nyTQOkkUi/bQPW7VT2RwiF2k4UjjrVzUvqIHvP1cghEBPTM1TRxty78kiqbqnI4zYjUiPKPw2m0vej46CjxVaQBkxWR61cQ6igLusfigHZeZEaw4xUoVtrZjr0Yc1r88Yp/5svQzJenzXuV7AC50mONf6fDOEm+hSa2ddawubrm6374zSkyodGbqklp6g9wLZJzsaCUcULgnqwiLaWkaURtTb5mRQYuhRwI9zZwKPhBVrG3HoB8bKsPzwNREX7ae4P22TPraNliX3pOloyhEwMqxiqMItVmFzDa5MIWwN2c5yphKsV9+1O9gPN8mS1sASmIwcAnH4d96m5wRxADxpum6A9MKP801OwIfH1vQGPmy+XLg9hFYl8/gupP6WRXK/L5FP6WQnBCZsLjX734P/ydZTKOnHhNoSINZx0tsi3VCOY+c9AxMrC5/hHfBsTw2uLR+mwZ07FlSxsD8QJsyMaCfvX/pkGtOlvHqo8HwtbMUTBLdiwo9T886/oLBiiiiGW79ADymp/yTMQQjgiKAT9Xw5o/wyHSIlgayUQCEDX2pDIL750QoRbCFfTgVACSnSWAXr15ZBbAnfoIeUMkaZOR7HkRGWtUyTbw/32IJqu4QkrGR+aNbOASCoTsgkZ7TIcQl/pGo9GoL2BqctNYbzfe80P9aVzq1nnA2RjGwgsgaZk+H0YUiEmNMN+gUzmjX87gDuZJY7K2LCp8Uu09n2kSBBZ0AVj49GzG1wFHL4W1i4h/m6N+r8Rd9qMn3YuhL/L9azwmmigCjBoDiSwgV2fT2fHrqSi3tC3Ebs8gvma0QooBvVfYGoAogxd8U/UcmCiKYzyw4JgmGT1GT7WXyEVdOYbTpRHCTHAbOtwZ8bdPzmBZlZ/EBguIUPuFx6oviW47DmmwC1w/84WPhjFemq+Bp705haE2pTut/cnbkeOo+etjL4NAtMo71vCoRfNWLxCjsc0ILqvGQ05EsLDTD4ghWJGXQitfxDzq9I375g21qfUUbHmqbl5UM0dG70C40trUnfwlZPxu166uaAF0Ev9gWQrpJwlwD1jxfUAZv02dabhgMS3fvhdX7QwGyN5HrdLOXBM+yY+wgQxwTV7OuZsUX6amZFpEDCUkWz+uBrSxC6G6nIKzZP2c8f2Ok6rbj+Tbts04HXz6U31/CC4mC0GiyD2Qr6jdNnoWh8GNHjfOUGZ1687tdsy1lxy15MBWL10GCISUfZyY4tjRyLzrs04OieeTbDeBDyLhwAgLXYcLZh4wTU+iS6OIpTg/V0G4T09FtvDYo3sdvA1V1eeZg17vgFuxO+mnzc3MnqEcv5VGG0s9sYt26AMMfqz1jkcL+cMN110WQ3FTQrkMwJsoBZAt1BkWhD7XhxNm1TiMk2IxGACWn0QGNxQvHctfo9+pU66n4V3Sq5+j+QhkXvweOxjpK/VhjmPC9Le7xgg9oWQ4c27VmlHiQW7/MbrnmZHjZdJKwtNkA7oj88UTkowZwyyUVmirZ5ID28Z5+KQTx61TY/VU1ZWUkTW5qaWMw3S4pwvnDSiM0xjrz76ano6MOrp+3J022acvhPQvIhXezCc86xfQnyFXh/tNXNvQ99E+0io7/aCR6Kyi8bXzzt7Bb+JYxLSi4osa+ZN2mZAN6LjRBcEl9zBQEDmruA43o/jPTP+YUw2jepNCuXxniCAaApBiq60uEd1gDuHrB2jJki8NXRz0Yo1B2Y9GsBtMGHrBnOO6YYuZILrg7S+8AZdQr1Aa3/gwzUiLuxINntfT4OWWjqW18VWY2wL/4jxxf1Mnf7XN/qlwHYCXUyqhRtvJV7n0RMCqExW7kasPlmJ88YO8S7mxujp6X4aHI0s/oi7b4XrB4OfgtZMDhd4AEi1YYBmVrpLM1dD7vy8AIdSUrzV1AayHhLd3xhgCwDwuV58h/JEByugJlWd+VAm9TPa9JHIFZzrcx6I7iGJWTPEj8z0/AswE3ewTWFUowF8BIezMFdsdtmPoHr0bDpAboZ5CMneP09YtGgVrE6BHun32ttGzwOaHPoh6y7yzV4RUWKSbQLQRMLLmIzvldjNHCg5SraWAmfujgVMH/oPkhkZrT/IWUw6Zj1i4S+TcXvimYwrR7OJuliVWIbTlqouJMqhnS4burH90eAo/HJ3+yYx3RcXOxBCbtvNNjcIGWKlUXxZMGxmxIUlPTPERlAEmusDW4rb4Zjbd/ltb/ecHHBd4lYczvdwGe8rGznJATpPuD9jiFe/bBc8yg2+uyYZt4lEyowhK+j4VFLZmTDUbBC8tPk7JrP/uwozNwR8gUxmOwOIBc4LODJC2MEtzOPegtkZ5hIG+uDdClHhYZhHDeuVom5czoBJVOkoiflE5aR4eaNqHJlHJYrGF6C6kIuG5ZgjqtumL3v9YB7K9kDORF6a9SV1N0ovV2vPsMCe4397IxeE7AQpQB5UzeqgRTVgwgeTnO1NMIqoKMVPrmxHdh0NkvKv78/QFoUaKmuJPYg5p154YegynE1wfy3YcvM9g+BIIs34ts7onMuEToP9Ze2Ss6mtNm8i2OPfFg9n2V5jBfkgCbqmxXRML8GbZ5yotuj2QK7sTQTinIV4+GXieTz7NNT1jJrKJZg3gMFzGQRVsXpMWepGpuV84s60Hajbs1baCZO8M6Gsw03sonHR0d3Qd8GjXgu3J4zi3UHcU3o9RjpJ8nO3ou7w/Lc0DUjpDUpfOIaYmWpDpMdLfF9uTYRQMntm6/4WnTQZaDn4WRQCxZ3CX/+viYnQor7kk80vuwIi7vEDVzHsrZhO3gjn05VxQHccVSfmDdIy6git8BJOvnSK6PoPZV9tFd6KKJspHhJ+7UlKJWvj5nt77xXJSO9tgP0E5/FlbJbA9f+OKB/s9wSeCnzeMdLF0iysjIwuCzSdaGNB58uQqMReGOE17KbSo5yzdhg129JrAEbao3GtdWS0Vl4sllmj1S4hluVkrBSF9ba8eLBOjxqZrz4D5CQJkNBO4TQktBFoq2+iiTlsdCIp3rfE6NHTiMSgrzvwE17EuCX8TQo03Cqj/hZHy6vIMQ219UdMCVeGgtIVEO2hJ5pxFrGq8woLuAu6USOC38yw8hlkqaoAPA7jcodnuXB6oI1Dy4t+f8Mv6XZ0otYYuh7nqoJ2N1CPEIDL2mTxAfCeD0BBqA82yyFFcBAwcwQuEGKVO1KStWFg80MPsPHMe83J0Aob0qFc8aabycCXzNE0DpFFYm8vKNjJo/UUh4CItaLSCseBKKjjT/VIf5PE0BO0foxfrXcJ53Dif9xgy7Gqo+OEZByGYtAuk0B5BvAOU6b6JCQomkQWtWKGPmG39fi+fbJSbwoYk84x4XKi21uh0Dg93+c/Jn7uRQc/wda3GrmQoVEuEZJ9vAC7lC/t+/IEzLZV9FOQUYQsT79dPzrx0ESvGlPJJHnsbK/uq7Me+uOruCgjzirSi4LlB+jGiR5FjsKCCL/TnzEnDjOpJJ62TxMa5GtP8Y69zFUqivzOOd+P7XdGSSUI219FfwmlP0FISatDtLDcRfAPSoD+NDu9IcvE6RJtewdOoqOcjplnCkSmC9ZONkdvkkvlBXb5suhZ5/Yq6lALYpQi6kCMcqjwEPosA1gyKo+K48ZjHa3w3V9wBBr+K1KE/ps+Y028Y19sSi6UrhD/PCzr18t2FbvmNWfAMPFRPdomn4yhEPNMXTpnRePTBQTdPoLY4iASfhSR2clmV2xXv+WyJqhazs7mJWM0asSnDAsEMNyAvs//Lbp3/bM0FTA7BzhWYAofG3E+gnUNA2zV4NGvc1yRC9U4RDxnvVp0zWBWXSCKrfIHfzKdHtH7Kl5tt355dh7pkQJg8z4UmbJEaHbTmU6xEArNd0Q8rcMlyaMAhWAe3gOGuP6u/7OJWdzvrqLq2ALfPQgSGRgar7YefwnySb2sD5egZWlSFZmMkXk5dtDkcvZT82UuCp9R/rSNPSDimEuxLuES3CDXU0HrxchTzvWcFhLeDOpWB1aXKirZzYwjlDHTEvmszrR5PyFrn3mC1/8aJReyu1DDa6wcqjPHmPqDy/rrxF4U1VgmvRAYSK/gjFFAlwbALYCKKCH4wEnOGJAO6RczR3VzI40xRbke00yf8cEP0hnVYMU48tg/mQ1fKqFVCSzyxRUeViXPZdkDjs119W3+acKd1qTV/Tas/B5XdNrLbtORmZgQ29ddf/HePzykoh09ddiWtrMFFQhOT5NU7NITvtUjqg9P0Lbvr8hT+OtPnsiG0p5/HfqetHygvJbjp5lcN+PCcNkY2wQDV0HgTHbgQ4cy7UbKgZXsIIboXMxv1LyqR6REnE6s/oBk84qQ6mwTGX2nmMHOqkuYXnskh+d3Y+PHPi1D/LjtlBiaParurgwBMkN4PjHLHuHmlI52CbOrqTv4fqgsyLRKv16Ngjw2pSPzw8zPYR7PwPG3/WntZhghmhVoHACdNHbXHibtr0L8PtjHsldrsz1G1Ml+KFvdL95N694LzTG7LJl8UNzf6dr+TOxV9mLqyjwpX0yKx98wHvNjMlD2opUz4Nr/zNmoWEorqKs4dneq2sAfDZkbjbQE/MpBeXqRiOtl13cTqWSZIoQzKEDsyBXONG/Igyrnb/V33HxcTCAxPB0VKULcZVKXbHBh3DWsJBrD3TGQG8bqN/Ij5hvWdEiu3SuMbGcZ1ReBbNzmhb+L6Kwbbxn6FsBlYGrcXOem1L2NYtgj/tkM6M4HYaAIMnklqx0DTQYzmoNs0OZEmdk5A5UEpk9PI6rwbH23wVGcmmh1gfG38xvZKlmazahN6waa3IEre2uCIESMLMnYEa1AElyyhutVfSn0VkxzZ3hyK9xcQ2knbNLqPS2vpWq2s5uKjZtgFSd2o/6ted0ewd0lbbitLVEbY8aKvauLyNtEbFm13AOxSINCKllz5P0TEeHPa2OW67NUzl601sdn+B23ISlQJPrb45CHDvDiOQAqK7450lkcT+tQuW79WilFkixreSKwhdljBpJTCd5N7GJE7qHbfvzyGpqlT0O6g4YU5rU+hNv8zU2DDjXLr/a1lgt0B1vwUrfcI3VOCaSMfR9Low2r2Dl2XnwYjLLUqT0fN2Bdz98uc7Uq3Ybtk0L89EyN74R1LMo/RzWfZZLzohkDgk2NeqyY6wygcD+8vaLng4zzQ31jN8wOMYgWmhfv5ZO/UNRshutqAYs5lN+JXd9p/5hCilCDj4pBgZw2AjE+svrmH4Z58iULwTSlkVMArF3/giBIFGabcbykDxgnNo8dM8v7vyKGQVhEsFXvuj7zbsWHQtuEECHVLwc2Q5cSdSY/RKnku6eGbdE5mzDLtrPWdAVhs6GRMh59FtGt5Yb37bm4JqoQt8Zhy0AX4NQW8O1bYz95MM6u4rxyhrjih5bvL4nPcMMrm0HCsnLL6vJUrj3IjiUlFf92IZjfUTHLEFc5sxv5YeHWDvmUc2ya6JUWQMqNbPFq+VcUzUEMBvbEtfzhST1tgIvFDVwSJvMQDi2FbWUNyX1Bx0uXJkm+74YwBbi4e6/by835ByL7cMsvnONuCJfrMMPEHvYrci9elCfgEO43WmXME9u7p9Qgn8f9KMKA4Xl6u+csNy1qlibZi68GM+9XVHCGKlmqZB3ru2vIh8qHAceU+xmHXNw2FQQF6D0nAUtXmvzKWPEWZLGPoAAhxyjdqY68QmQlZVaiLdN2W7TO1t+jieGaTqR3ukBFX8inigL/yUYXXqFggX0sKGxsn5ujEDQmj6QvbDGkcVFNu2sjNxH4vO4ePj5rUwmDZNAX81sAvKV/GnWukG5XtoJQ6AH6gYq5rUWJPB+tMUXNo7dnRulahFx9OC6ZPH1cPmV75i9dQ9wKhpGxPAwfo/5APES4Sw8CQ4WUWR4V+e//8fgTT9OAzHWALRd9jt/uZW0A5AzL7WdquqAbW6vfe9TH/dWgeFWG8ZM1B9XznMzVoQ18WwJ0SoMy0fs80we6S8jsOViZy4TlMPgQYDDnhS8LcRWuZb8sAOsKE6JEt6TO1+CpUWcfxUt5ALap5VUXHgL9PS2OBxGIIVkyV0r3TxzTbFgwHmCE+Nm6bn37/fCVq0vP4IQm76Tp9G2dOfEo4+Pglxw3mhqNVis09L95H08Rc4mJ3/7V7fdzH3n03H2X2jMlIhTi1ktxsZVghCQY28dqdB+nTPdFut8KaWYBnFaagr/JSMI/O3A7gj1UT6+bQz0R6YgR/o2zIZFKLpg/uQVnJ4yyHbSBeoleH3ir9TBm9k8fxNX1A9LWIT07aVCJIeW/+9pwbdZu3uixXmCK2BVv+l+0x9PrNiuQliBSehZ2a8SHPwHtBSBTkO+QpbsIpDCxQ0kEMCPEIUZa3ZKDBzbxwlHfsyyYa/r+9F4LzmruhtsTZ1oHFvWz8QT2K2s85Ltf1B7KwXFP277Anr+JFfVx/8MY6RIauLm3k2GfAHFqFwcdBYgQAMmGYALjJidHgLfACuL1Hiy41PxcDdBQLzHCiSgKUe1dWXHi6jdgPDdAnA7i/pODfgK+8maQK7GqgGia0FSInYjxHpg2q2ry4+x4kNlf32+WBstA7fPp2C4/CLC+qSfHAV3MjABcxEQyoiZEbLkJy0v0is05RnRqAMthJWkPAJyWCKysRJFKwBYLo3rjjz9qJXFve9GtmSyBikMsIqjoF5QyXk/gkWQhSgs3y5g9hGFSDYeeNBWE3jcpoSpPSth9lKUU9y4VqggBH0p+qb3UB4Pw4PVQwA8mPMYG8QhltUczx1S+aBusNS9erMVGIaTroHQdBhg1I0CHSBScnhcsNf9QcOCwbTqRM1/tN/kiN8EUhiCNqXAirgkc2n50g2xa3jFmE7PgWwFEmge9BlKdvESJk6gF82QCPsMwur8F2zTsLPEbDCE8qGGgCwMCJKrNtah4soKdWmhBq0GwrQlNTQeR20eX4RD3nTr0p4hVVMEcOt29X9oeSvL6KYUoxux/hxcCHtS/Z9FQMWo0GWTHJhDsA+AWUfBYWcefMfHEbBLu+lIDfNxYtlpCHZ/oUOTp5AGCu6toTuIOvhYQkp6Cj9uUqe9Db4SRU7vLc9QB1MTaFltZxcIyrM3kfZm42M3orgXaiJscpDu9ytkb9uq68L5t/Bt23ACoNnVA0Rze41VjHfsn1EwP/9LlaQZlYSvPi1fGJixcP4LaeGgHmetmY2+PcPD3XRo/d/oioWhBPNydVZoa45Xss6tBCMFCUp3HyziqVUlcZrvGqthUOmxMCptYTEqw+O303A4J93CsUdlyVi1lC5dwGwindtoLVNrZ8V7NjRwwIBiIIokCLVYYc0jx+LwQdwOH+7WOz9d1hLfD4g/ZvUT6HuS2QPPupB0KkIWEnbvMxxWyNCCkcGZ1Mz3WaUYN8pI9oqDSTU1Y5ltgnNsjKHzOZ91gkhXkzlMXmYwg7Ot/PU6fo/B9zUMqXXveD+IBfBo8VMKExQHH+4nsGRPcX2VsB26O7U+Nh9hs/4pn+nc4BqII/Weo8h8QNwaCYcPiT5+6f5N+a4GjOCKAnkWZ7ur+CAh/CoDYvPU0ncoRNbXUlsiklmoXMcpxlbsv8RimUKbUH+RThgi76Q6H0qGlwV6rg2GYmUqhPI0twO8qbfOloXCVHKRPHSmGMUqMv/GPNCzbRatfA8jjKGGV8SF572fmXi0XdaRT7GtOodLaumVEp5DG1e9lqlONm09NLYiPUly6OuVyDXpGRZI4SxpJedEx5wd3QTeBploqNSz6dZzKYangEglZFM9BtsL/UB43+kUY2Kx1IwocRyILM76q7a3xjVEAYAD2z7g7Tx/6c8vzE1HPQDBWMu1Dz50suFI0Lc0bF9cu7buhEdyfNbZXOzgmvH3V9mnR/S5vRqqjXeygT1hGClzggaHNUZp6/6EnZwSRWizwEUAdq+fGcm5cVzKZ6gqAukSJ89QvNlUyMeYimaHSHuzjBp0X01sJHeek6HFYJj1627+SB5Ns26wz8Jz+u+GdcVJvC4PccEeBFZuTAjVDTsKY71iaEgYR+Slu7KFRIhljcIFEdbijJGqn+ukrqbnYEirhWkurXSikcOsNkx8OmL9TbojukbCJvaOSYMIcb14sXDdHcdcoZdRIAVolaynAAHcb9fpcegJpkR28p7zv/dAz+LtbUPM+MwDdSOIf86z6hEMlRoCA7PPZtJ8ZAssAEqcVY5Fgk/FeTqsUyhvsGbGSYT3odo2Mf+QRehxLixYawlAjxkvEVRjhfGxGWhaLVFWGAS99Od4GVQpFtq2rVPYCIkOpR7TkVB6ZrDULfS8msPZLX2M1QtQ+SAsxaLdWy2bFEri+CQdv/SWod7Z9CNScVpBq0AQStX+vi4SJb87P6x4BQEb5B6ZTUKb8vcbcNS28sXMFOIDLzd5pjGy0UeJ9spuyxHhlEua/xl5Y4f+UgWni0F8DUf7jbxQcEki2f9cXV2Ke+2VlNdNmrEyTVGMM5yE4W4ggjsgvbeAt7I3WIvXY3/mGanTpsIrN9EyGx7PVACOdXYuEuznp4PHIqPNTC7Q9aeDOUCBv3YtuSHkqhNbTIEmeizHXfWdKRpr8wNuTkJ1A27OtUktH37rRGUwgDbYQc6GZ0MwskOFdatjTy5i4eGmRtTt2G3kGItlSH7atcKIorHUvpC8eZgbLT1MyexOkVp0nmgIOHpePiSrldZd3AV1S4G7SE/PZtquUzwUYgTdgj0K+U1pEJl5kQu6sHDB14s9crUB2QYWu0+Ufa8KdveLdPzG+sNakJBg62QrqTrSnMFU1oHHf1+KZtvEdvkWd7FY1ouPGFwPPLh5c4YPmWXz4Z1mdY2u0CiSillNWP13RSbUW52GGHd+xC2lQoV+pjzbnrKkhuV53O0cpaarSBLur7j8HSP77qVeUPKsJcxRdOBP0Ot/GRG7ARFmp+RdRBirMjhtJqd7nyYtB+KcKawRHnoUg9VgK88PS29EmlTYKJRfhogvJMzneIq1WhOkIwCGX/aTtJXljks8/1U2MZPpJrPSPm6f12sPGorzq0MBYgfQxSSKeEgDAF+C5dnQRnnAltYvmV76Wtli20lPDvKALgQRuVcqlpIfwy6sT+S8AD/MxVie4qpfv88H5ypfQ3FRZjuX9mq+edODYrqgDZeGxFUsN7tzfaaRnNEQ9l60t4/Ld278AmDkjLcxAtczZsfekE6o57CpnfKlgRBPuOOqeTAvQRyB4qDcu+QkxsRU0BWBlYrMZpYNZrE6RHJoGyjfBu5J7eyec83QoTIy0xo/Ctx23PAJPXc6eTmKI/SwSLihAy7ohIKlqhpmjQRCo1S2awNNIddte2z6bvfBjPsdnl8fPCkPu7aFoMq4iQkakG7yp38pHFvM52G0k1ufdT7JZm0bqPPiWStXfHWMskxss7A+pbfZxl+YQBRFAUVXpuDa0q1trVp5LnIlB6hK5ooPoqSNuhvVU/61ONCvjaOLBP4rFqaWH8TbrAx7S71ot7hcuawkZDqWWeQ0byCtXeZxqmgc8Y9mMbmZ+8C5+pslXnSiqfRfYnaWS2Zb4oiM9oo1Diw28W06ECQN0kMKbZLzoL4LqqUkp++mMzthY8mfU6SB18u2TPLmQouRv13yK94IGnzmBopQ2hiTkUc38aHL1IcJpQ/gIwDAeuNR0MBLUc5RXMLSzQK0KzgL/g0rQpTwKerREUB5+hzthV6ASs+bWBcOjBdiiyfE/ggeIYFfG2RYXfvHX+bZEJmY0ZH6xBBDQlhH67XLm24IuMNQE6jBPH/nylngaJ0E2FYa4kLZ/TII7gi3f6bMEZf38MAtIxrGocWg4IHITRvBrqYO1ydDeCfleiSXPZUTe7nwZvGu1GoQkMN4HnwbY5LF9J2ADRD5NXpUBlMbAzh6qhzV46PsCxIVeOa9O6hzHB7PDMm63juIRc24EUpzmEC2FEqonxSQqvLeUEGaY4slL51aiRPnr7jJ2LFhY9/F69dVGFkgDGa/0DJQyUmkPN5xtaDM9AupTq3E2H+R6kYVczacpIPAG+jzxVLf4DUP23I20S2IQMX9Ii1s/+rKUDQj55Lhspz29/i//K7NBKXQMkfgt4p6wxubJlftPhNj6Eh5VASsWJE4EZvar5aURvchc0zGspClAjY0/jUcVbV5NT6HJv5Uxd7wGRJ7mQ0hSJfqdT3N34Gj/DaQgQnETmwioAZsoBr9jHjnIWUiaREiztr1t44RgzJqXfMJr6d2MUBgHVftdT/Y0Cf640goqlCwonRYblpmXy9ALvSxf11RQm/wix3+kH65jfQlzuFX73v6dEQewmxQdgpQ5SHRxxTYjWKJgaaXVAGdIA0NYoCl3w386HC91oOQLPPRwIVMVgIXa4NaKUDfbhj3pGKxQ5x1A/QMqkdZv13OkUzMhZU1J6kwrLKbJeu1MDEVwZuwB7+HFGO+I0NZOQFElu6kS8w0Zdg2EKlbV38Eks/wICBIWZGbMgrOS1Ltk8ttFxgy9nQ3Iqu+w4CxAn6VTqNZixwfgiSUC6v2Vaze80MKLp4WX+AGHMP+Sd6yJR0sFW6XN1CLrBubhG7vT1G8okl8OsBGyZLJtviTCD6Y3Cx847fEOiQZX8ah+u6hK1Te8ivlU6QxVaXgWGXPGmYWPz7aLqhPJzbUmuiM1tBV/Vna3owXnilCkvGR/e3Ufo0vzIeI7mnSR72KrLZh5uv5NQc+EBLjTZQ4BcqeFuV6nALlpws5SQh8rnN1mohXHbtQlReDV7UiSLwg+WaKoZXramGtSVPqJSJqAPynp5ETACEV7BECLtvjOCyN+X+/gD+c7n5AyIepAOlDZ021wYa6JP85MuAAjPxl7eWfO7rFGcOtPIvjuHIHc2vdKSsESrVmgUHVlWXt9AnxD0xltIp2D2Ht3nsu6cg831r/pqeWi7eZpsCL57fpSmFE56AfWoDc/QaUDFaejGmSz3YIna/OjDVDNa859ZdyIAE9vkA5AZGOalQz5OGvmvobCAtrVTbFTYlirUUp6yOOeM/VqyChrAsMed3dnUd/qIeIEcyPur/zBL9c3cCBW4nqcS0dxJI1ZSQFVhulHDMhPAKb2vgSa9wAlvTSH415Lfb0mHJuNj+ww1vE7Xz7IAURoipixSaoFK3lKU+ap4Rt7UgQtRne23lE+PnXhWW906YcOZ7EoDNEu+YMI86YvSbqiGQwnozQewvYbSvaijvHKYV/bM/JIUkf7QX25tkhzJMa5noZK4YJ+Rl/M8ONw848z5Xg7DUh/r9j9iWTFao5pq6VS6aPHQJimqM92mr3unevZ4hBu1TqgheJbcsmu2Lu5UsuR3EPIaI0BznunzNvkwlmK+txysQOqfZJl7tquyNpEbESuHy2qA7JYiJwtAoqT0eWbWrmhA8jraxUbyqbbkuliZAcQ6ViLH+QrsO2gQQMKk5OIEo/G5ky9v65V8QRFzwFNH50Rs0PC3O8VFtPCpU6svOdVfuoQri4X/f/A4ry4/wxMl2XBuIHg95YV6JDTIzpLWQzbx0eHRic5xYg5HblinH4CsQUUyjpfYjri+Wojy+yXe8ogALvXrfEmdiB+Ip0hbgh40G7orRsoxbuxD0W/nj3nj2E/2c//lWGynjsc+2lZ83RlQernKGcx1ZFKj16cZ88G2q3Z7u0FGimLms7IB41NSGWwqAHnixdxg8hlEKmUoN09ZHauxdG+lW/m+PXII+oHrHdHZ6aJ9jcnT6JHpvRBjuXFbv0At4d8gscOhgyLQga+UPaWb8NW6zq2vhg/87xBrUaDJNSwbeLaVnMAHYcOo20G22ysIUYyp8MdOQkC0itcaDu4mQj0i/zpqajjGS9CNraqfHZ1YVcErNI4HSTBcBUtQyI0szxpkEyGGY000JB+A497ssgr1fyzw/WuqoinYwFFau7MzYpubpVMbrTSyOB9Oxm5SigRBA/bOCSGNd+nD1EoFLH539R2lyJYuDbWHJM9aRMJvSx5Hz0na0Y+jKsSalSkkQkxjogamMPIsepcoQZrj8g5wPUlfpIHZDPEtA2mkzEF/uRJe0PwYp/deqSrpNOYi60oQUw5u/MQFYzBeZDhE1y9QuYtMhzddOvAgD436WQ8i071AUQspBn4g7hS8fZK0m6b1aGgpm4n0yl9nKY1+HpS/3IZyoYflD/GJfjmLkKxwYFQs/gSVzxcTSaha65pVASeb1zSewojeFQIt6gwsPjXd+Chm3Ozdo7/1Nk5fQpRQ8z6LITXqvJO30KGoM6qBsi86Ef5fM+jwOBjKmUyBigGVpSaoDBAOou+lGA9XkOiW6VdWpLPeOvK8sfwNvbu5cn00nOtjnt0pQ9SdcFHPlC/pXoN7Eop8ycq6jJCNsJu2zREeeu02eFty9xgwMH2ogSSCI/C44pjfvGi/zGoEl4rosUWoCTYgTRKLbd/V3teqPKC8zScSXqbnxNbN83jofMoDAdfneCWKedrk8tqR3aA+44dgK692ZDqI0kCRNXY+VVGhBRF1j49LCaD/bQEsAx9jWECwNHsFyTYbUIXkaUHSwn5bibKf30U4V8CYAVXe/3+aVAGkhZL4VGa7safwuraiEI2tdmT0dtrxEt4BhCDVP67EK4PhG+chpVyIGcokYifHro8Whbn70PCkvw74wPzJGJBJkKgVOP8Cp9sm016p44WCcw11giSHy5o85+lhnRQIkHFVhlQh+dnahQqfk3mNpfQpFLcdY4AAiYEb9qvqdj8jlQCmm+O5Rum1aXnSRx8DJMNkRGov5HwxVvOWxTL4PS6hGmc5fUDP0NOX871IJhIjSNdm5PkY64EaAizovuCXMa80l34JiwWuGLsZcrrmRW6ugkwGbLGycGcYpkjzQQkMSh94y9IMWxwo63l8BXp8cj0K+sdfJ9wHRfI3VHziCQmN70egNsFZcbFMV4i5sxYfEwPL4M73fzkMGeC0sDdic6v24ayBqgO2VyJ3YPlP4rE3kKpOGXE1lKcS6uFeUPUUKDUga7kDof2A3RjUKjKP2x67TzFe4cwPDRzfwlNZXBp/hghDJAXlQOfSwx4K41xVJucjGbsVxSuflpXZ1Mf5tqt8DuwTjyaDD9dXQmGiohxm2OGJyTM+ENW0gvgqiLpA9vDksd9UV8obmW46VUMrCuFXZ2hxJYg3tHe58/gjtlPLaadj7tYf+r3apClGNaNPvEqZ1qU6FiGyKVcDxSKKyM2NV+xKW34jMDuKI/5/Bo2pG2pgaQIrI2MwO8MI66/AV7pyvlMmmSWo/AfD4iVGN50Vv/jZAuYHWgkCdvkkvF6N20hWvwnW8l9P5nBTqQaFGwb2WeHIuDjoeQKde8Wzxf1/czyzrVgkQctcDS7gdMQAkLWfyH0NnNdiGAi//jCIMv+G9bxX7PPV5uR96BJBhpmNVP9sq604Oa6b/fZ8yKUXu/kVZ+IiCjne5bOT5o9gjWlbBS7vEfeBH6Z/GUalj0jC1IIkFFOGpNIaoVFPEDglF9BOxDtCfXSn8TrLzXcT/L/PHFdZQ9Rt9lO4cDll3u9sfErnnpRFwgDwP8UBsUreRGEquxsbaoFCHoVCE8v+Xaz2tq1mJ52rmwI5mdtzig0ft925mE92vtk6m7/6RLEZZMEoY494WcqNjaUVBvfRGXSgJJh1JW1VonVP7lIZxGrcjShiQdhn/1SG71oGfyEDMkuEsttLHnu4p5oi+28dRtH0yT/AAqkWNIuZID5N9rm6hWHYQIqa/c3KxHEToqmKeQ7LmBwBAsPVXU4shu/H1WyvtDj5Qjvdsyz/XxYRWj8iO3jrg7GFWqE9mFhQ2OtOmxcEIhp2Ni1kDlKB7zaBDutFlc35EENY4j4ztb4QF2IW24El8o+HzkA+S2iw7LkgCHhgGhVur4JYv9Tf0/WhNyPzCM5c8YfSAPdE6OfWFCmY0R/36xlMxsyPX12g4tcebtvup+FzrS7EPNp9H3iqvLyIha1Sn0WSJRlRLo0uexD41OsMIFesMu4JwO0akDHllk3cNuSOX8UfIlF+5jUK1ojQ/Sr1htkvicB80SAApCSYqdxE2VLvYZO17PLG2Xsh6u+Hv0h7lrjjHRy6MNYSTyJCloQ0K6cc1ceLMJmNHmC0wSkmuURNoaFrr1zaI5yruJvPARuJohL4ataE1XQ3K0rvIZdSG40Yd2CIiQQh+KvWuO9Kn4jKIgkkBaPbTRpyeuTWxbZ9EYqCmYIkCuYvb39JJ55KtRkvf4+7zjkTm/vmGvFP0k9m7i+bNGbrUCMTPVDayHy6ZeFWRDw7k7C/dqIV7p4qZovOwgv8QwFYpx2w2T4L/1hyrK0GyU/gtx5un+lInnhwKU9T69IWrxYOG/477DQMzFuVNZt568CsvnbpFo0r8OeSUAqSWlMt166n/AdGdkavEAP+834ltHz2Ec7nr/dPJFz9xwJ7fN/lzchK3/1mqpwR+Frrwcg5r06X2k8fpoue5gHVZblY+5YZSuKEqCbEkKThwAVsF1Q5s5xuX+JZNQN0viaR+4+Kk44t7mFqCdCSZcwgL61peRvuJZwLj3EdlHy/+sYgosopczkBpqwcboZngGLII6BtrevTPVcuuvyhwm2lYpEbOA2/EhiJtKBRSyvO4zfF42vhslkhOSp2XDrdKnnz5AbYeiwAIR/VbJiWtQosQTmIpCkA9nBIdh6N3+9/ik9UCXfnIIC2R1vFRq+G0/OnzAzFW+Cb/TnNb5aaEqTD+PhN8lYY4oXhLQJ1eRIqhKuY/AB/UvVcA3zKONx9tYC9aQ8nXRpqOnOyL4Q+e7ERvarYqHn7SCniA1r7zJjJVc+M6fx/Z28UrT1wkpSbJlQc6ZxknqjiWLQAtfqfXt07fWxAvmbFDdYzLmiIB1c8eFWy7SHYljY9JBQK3lSgCJTTDJ3bFcG8pXZLIgWToOFtgAX5mnG8jAa8zRRD7JQePqChBHnNBPZ1XyAdZ/+rHR1yiRijrt5JiM3hCqm2FjT2uTp8X1VAKkCNPLydzj2VFmsvtNHXeOfXStk1lcalO3GpwHltQlYuZiFX/NPmcAsJNNXnaMsOvU2N2NZCnRBoo1d9lTC7W7OgRIn07hY6A01xJhH+8S2t6dksW93Wo8XeZd86Vfbhcby3jDMERPaaG3794eCizGEd+KxMsmHf79FbHRfzJPxx1tktDc6+3Ijn1CvskcXdAhneRw7sP4U4V1k9LbKL9YQuTX/wcB0/44dkJKMd7UbO0LgSEdznvWPlHsOysLOgjdKFa2S+gnQlZLyXQzkcP+krJbNJD6vci31H2eqIjUXqS2VPQFkCMTYd41jBgW5u1u8Ui3xO9iRBYUYzdobuNvymOkfWP7VFeb2lDa9DrvygS47F8UG83i4PSv4QycpKSqgAdwCuOp0I3h1LFoRg5ilSKhwk9rMJ95POIoYYJLxHbVCNVMZH35OfjS6ZC02Tk5kI0R0OxjvS2Xqr6R1Oq/+JS4qGUdeRtrXqCf3UCDHkUh84jqo6qMEgRrTFqCyxZRbttqUQqwsgdsD+rs6eOAYFuYm3RqGPsDEL5MmGS32Ct5OB/piUgfUsiVG0dGiKi1WhHATS39mh5HHyzMj/AeNg1AIJwR4ebE91/ERFJdfba5RZX+uiumZ8uiFZLLv9DZdMJvkZtGhu7dtNszT/gOlpbn4n2CRArV4Pd8EZz5T65xEMoztRGRenpZtwDtHxzgb86WfesEQhGEqZjc8Up+TsVN2GFruTgs0Bp7Um+kQR9KQPel1Lywm5J01P5kTyr5zBpb6RzcVb4xoaL50Kk3vGuPwCUjbpHANjlHy5rPf+7JG4OSY09g6Xj+8uH7WlVWNSFjTf2oN2zgo+i8WvbcyLqr4EA6qUH9hqxCiSWu+IzV+ivQm9fT00DX3Xbq2QicxBW2/IkGnzDydgC1M7smH2Gvgc0iWmF5i2etnbPZNee8TaSAEfm2wPof010zY+QI7PrIGt5wKTCCGhSNlDUgo/uGtKb2+gR5SUmxpPnUsELo8BCvZEAKQB2YkqK5Lr3DFl3d4PN7QywXKYc4GIUeyw6Qgf8rRpVNcST2mzcdDiwohf0/1EekftTMirUpE8rh4yJYfhAKl8D0rXVx6urH00oIdhkRexhfexn9n+V38nvF5q1wx1ZOT59q1jyLJ9hA6Ip2J6jkbjAeCq2z3lvWUxDH9B8t3P7nsaY0SPcVc2Sd2bXHb2GySmt91c8JjytAM8mRbcCDSpPzKcOMNOPwcqdHgrWAXc4mDYBQCjxgCOHpY2Yt9HLGKr/K/cGDFLo/WHKkP3QYWYMdusgRYTgzMiz6PkFpD/1HL37XHqHkPyjkVW7n067rpymR/Fp9aSp93zvCw3NXc4PSOIf/M0rG3fn1DkElNIxV8UmS1OFRdlYuy6Bwb7mmzRxVAwZk45MiwLuWqjSyLK7M0b92crJDLKjkP53kHle+43bSNASZCdn3NQNhsb1Wr+mpHLafOIzVggKTZV/TD0ASsWOdAI94aLmHuf1X2q0bRkCgIj3Db5R+ANvvnRn5XSKOUbfBO/3kIcl+y8HcoPcF80AGR+kyohBa42gAEbWOWzvtNhYGtEqxTJBNET8Q9DT5rE5TejGzwsyuOzIKUl3xz8iTugYeh+naK6bp35dw33zLovcBpHEoydBfNw58cnYCn5vWwubqm9hKFY4fUBRZ7YBY3ksrvLqXE1gNtYZ44sOaA6OamnE/QXL1xmZWqnyu1n5sLhNJQVLZiAP6aTadoax5CQmgKHv74wcoIzE6rYiOCfLvc15tTNJ08XpTy/K2CMjbWeIabgxHEQG9WtYE/OVtt9umvp9bxxZHx055fjidfIH78mOr4CikqfBEBOBBTV/GEh62NDrbJOpKDVT5G6N2THpuLhxow2arP28NY0lqIlwZue28AfejtCtZNjKtImVn8b7O4FN9ZMNPTI8z0d3fd8wUR6kjWQe3UogJ/GydG58uiBtM8r7UB3Rhgro3RPyImQX8hzVMPPzBAhZBj5egUQuykeI+bsAtXW551E2lbMbeGCosckydSSsnouR9nmcsJC1pWrh6gJAr6aMF2ZTtqG9bXJLbREhcnOn/BPNqdSibeWqaMFV2h8/xjzMq7WBV3DlkLpoOJB85fsK5ldlbRtfwkAXaum5WQk0HoR4FXjAlKlj60z2ntSgcT5JcYVpj3jHMyYFNARdcWM+c70Kk1SKC4fZvYYUNzGsnJYu7jLyqbjBeuUFDsi4xUM0oIdJFsYLoutzIEKjXWlEXVBjTydNvUrDZUrOm94nqeqa9IMvb8Aat7FEIo+XR2JKg2EkBB+74pA3sGUA/khx25eT6isRC6y8F6AgNzWvj2tAKlA1P9Ix0hRqN9/1tlQldCkaucc+cnImq7+FU8zCcxoTsTEJ3sQRAngy5qfZO200TIm5qT2ZSGVpPsCyXtXsUYUO+KxEFLN7gyZ6MpjhwvP3x0IvhVHtFIsuSv8IfgzMaZ7KADBMG9XMIdNTjTZBCl6lPbtPWfqp79Hqiz2e+erNJUUwBR1q43vxYJnowmemWYRrJGdTpd5wl9uBf1bZxcdotlrKe5hYsu9W/xsLsSlL9rdyS0t9lDGirYSGiDnFgvPCJNjpTPgvPc3NGCRJWioQHronQ1Ah6nfggbSx8NbT39R77yfojPd3WGtc6HX7TLm5SJiHJQTrOWR3TI9FKGwGf2s88W4S2UIzOoSvK81BBj0EYZJFLUWdCxQXcOw3ZAEcTUO5NGvSsFZNeQo8i+/CytrTU+zI84EL9mND4IecCNtR3RF567l2Xm3zpIP0lsF6kRrB5TrkxXdEvAT3mx0B/SLX0Yh0Nc3pyr/uXMeAmL4KUykVDSdwoyEGBJiQ3pwBlT/X/NRK6Y3OmAMk/Ro5RmTqkaze9uBYL4GDRVHf/CKyNiuJsIzs0kHzryedJ3Gh5AukV7bhfpPKt3NJu+5LXWNVRkbk2sTFG+ZG9XVtvYfM7P3xkUl+mrHQAI4bZ5KIlyhr0L4xpuDQgLp7mVGKjaVYnGPdZyRjOqN/YlZ5S6nPQJ/KOyhtTzjBDYDtbroafTlZ2CUxGFcg6zisybsHogsTzdQ7F5hHUq/znKJmNguaC06HOUtt9HRSc4hnn6D9a6ZGJQxm8Xiu62/zIhzejsBH82H9M2HMShmPqOxr4cUSlikgbrpF443Zj8b6BUpi7xZFV8C0noTDDa6y57qIv4bEqICR63lXWQ+aVY3fTroSGEFX5U2FDwecWn+tWhxLadMiM0dhRfn/h7oYu1JR7Oz5CLu9KG7INHOtefo50Hv0guqeHdPydi1hsXr2Y3phywaknksB11pBCqhVERpo8UrgAHnC0e0Taw9dLmG2rmf16aOVKe3oeortCIbEZxWugP0qr9sFJ9zQv1g9CbuxxIJmKMcSdd+owz6/ZyAUAoXU9bmz+Yxz0C2gYGc5yF6bTcvvBwvND89jxcBgtDwg7Nh7KHF0paBOzw1QW2KjBNP/xJuaFnMCHwRJo+eu+mzbAkBdObaZjBDxWhnwhNk4oM2wQV4ndos02fQ3XOuJ8Z/hEtYKbTUab+5IZjeQugBqGnr4BvGgT//HFiIzuBghe8Y5t4fhG9YmHZnU8yfPn5jFZny2C3oZaYdKoBm3Z8P6z9fno+KaTH/dLipTI4lM5Hi/Em7ep6MjKvviNODJOtnnl23TK98ehgwanh6JOfQ7HosNJ/5zaeHg4TtSg+X3u/sPF1TajXe6GgpcUKvkbD5Xb4LoIU2IFFGtuvZ0ZWx6Ev/XYAi79FDiSJuRvO+/yeQTRlYsq1A8utsFkoQSTpsYTiFzXZaj5W2UkMmvDIzubDjvxvehqID9V2ttbN3vhFiTgAiVdgY0u1jvcFYkLHhrDsdQ7eKJU6AlVsJkL2uWOHOasD7PfPK8SLeUOaLghH1uWvGqJUT9S3i/ATbbo9+/fVs9yL3yEl0OP1W9RFDWJesFVf9TtZYRljRcUuR1s/uv5PdkZfxAGzh20A5pZDEs3RhtMZcnvWPQIRWs4p3aIMeEz1KMhqrzV2PjS/LSjrVvjz464/FMdLyNSNkj1I9+KwV9wb13lJCtwTQTQ3Nze9cph+Re54wMOEwP+FcQI1GGPUhDYbnmK2e9zbJCv1NHiXs4u6316DSuWS/kXFcucP9ncvnSOAcVZlCSeONl7+TvzWGKrRaH/W3efMHxNqXnBlrszCd3ExLkrm/eE6cvFnHANIVFlhX3Q686eVWfKZ6iFy7qkGq4F12GDJHmtqcZA1L0ysRh1kBM55t9XjDmMnBcsuU9RRzK/WfMdj5+EKUURnTnQP/xU2RJIQ79Fqi/Zt/8xx+HMW62T/WVf1Tc5pB+DYhEeY6kcWcq8RUcYdxOLxSZcj4aoyLgnkUwh6ZWIKnVDwGThMmtFFU+BlYn8aFnjxILNQynwqDAPLMd/QzsQwvd8WuDuOIiSCo0+ak3Iopk2fHpee5FJ/KHD8deDSeKRawxYCqG90Z2zxxu3J8rNoIlOD4WllMZqnEJfWU5Zu6wbLT0iwoLD39dGK1CpGNvlUaZR7vhc/xuKQ47oUUDu7+dc+JO1kNVARg1N1tR4ZEPk3WFuOva2+tCnHD6YPpd/sXrHriAp01M8C1PK5wZd9pRavrp9/M/36fHaNkfmg35xzt/gU0C6XarVL/q9r+YP49X41F5b8mvmK36bMT01H3ZiAnVGXxxJtf3+n+gzOVeZu2z8MuNTjqGvI0IW2p9RUkAa2ZfPXRflWKo6KXoVgQpfm0B6IqqsIOOQvZrpNTyJraLr87ydDLpyQkRsEnyMfsCh50/Jcz8SQbsvlTyrkRfy83VJc5mTnvi2keeV0ky7IqzV/k7UEmAfnitazgAKsaYS2YmjMog3fZoXBGULNhiakTYPVMjcYGCATqsFZZ4s6egxikOgqYGadvF5cbghiGls3JB6/RtzmfQi5VagVt20ogYf0mdw/rvNxAJS3zI1lirIRusneronjQbXu2+rrA2BTUbQw/iXvsvDevVtYRipmvIJef3FhPGZluCIPACkqC+if9DqLwSvZvELc6t4UEdEfKpc8f+cQGlM5rTdMoGGPGklo+BSoirpNc9mm4sgi96OW6GWTsoTBCptooW6N5SUvRBsue5rtnw8AjlVAiC4T32Fz6JgKbyH4W2Xodrzgklqmu2iYWRL88Zsy3nv6MY0lc2AEa4EgemGjFaj31GH8HPnNVv97MfQ9I8IwPV0QMQkbYdaSZQrVLEjcDaXOjgEkkBiGxgakOrSJ3SUwgU96b1ruK+VgnumTg1p1djTNbKM5P7T16kWEKBjgBnrqMAEH90Be6cpwXsrjDmHLX6iVHtz9h2ydThraXlM8SMrFuZxyT+Bgdi+2BtIc9ACwppLHZHSyz4SAiJjzC05MlE2Z6yke/hE1AzfagEqP+45JFnT2VDDKqOal/s3nQEdGXM+mZ5OSVJclxSSzIyUmueFEUw47r3vLpBa+z3k8vUsSAcA2DXRF5gYkCJbOc4SyBsHLGGirIdy61IA514hw2sqkUwpQvK2gZYUp5emkpVmEAsZZdmUPOp0S0CauN+N3ivKkauUIbkvEYFIwWYfGXDqa5I4f7byzjzT/PXbiA5RVTFt3d+0YLaKoFZkFOuy81Vsyoy80dOjfUX76hY2yniMo4ot9XX9NxgSrzQcjr4+eK4f+lL8TPeMDUx2oO0x7uV2Zl0kbP1QXztjcobwYkiE8QgKa3mEExHXJN4Ksza/eQBz2jLXXB2k/zeA7pV/DEtRD4T0Svs4GQIFL3CFMIv7x7mqbhNeMMhUQQWZmbieqOs27N9a8TYFxJUMTjKU4YnU+91HhbBLS8pBTYXAieTm6kFr1n7UBD2gatVpKnCkoOxo5aap6/pqDklzKWInj2bK8st14JqzxGmQyMJylXOiuHYvmT70thexKuQTW+2PtHRXOoqsQxjMsCTCr76SomSxknaPBgYPj19+Mk3AtkitMlzobu+7qt4+AgwTPthZom+02YvHrW1hTr0Aw7nPSzk7U1A1HQHQT0d48QhfjnsY6nycNbZikrd+vsWrx5YUj/GwsBG0UZuVZS1hOm2SMX/sBp/tRVD2Jnr7O08hM8dDhMnYwjZe6pxHVHVKpRnoWGh0ysXWgPDhQU/QXaLjaPTOkzrhGQb/IBDRsXJVFzhVx2FD81NMVCtOuxktQjOr/iKqeXG8hyV0xyvnrEfUg0xlEGoX9ACJEh+0SQW9iU7rqy9S+9dX4mXCrmtWXpNHf/SbdsjghkSng8E2iVuPlQsXbdLixz2Z3nZhHIyqpDEDvGhckYwjqIo7IW0ibvnMlk2oRjBdF/NioI/S03UgqCIUhKZuM8A81Gn5gzfCsvxoGo7fXlc6N9+W9sTJLzYp3sPlBIIRMsR4XwWeRc7IdmDbFzPu9QdxehN7rFSwyh0Wc/ybtpji6gF7fLWvwDv+BslZGJuTATt9sPZveW1mwBd8aJaVTSgIsqgBYfy6mteXf1lnlKmg0u4RutezxYFpRJa0IjP5XBlgiawYh7tyQ9y3oY+XDIeXru6mv12sX05YCN43vfJ58G7BNG3Ig4J+3s1FQO5tiBmQ0cw9jFw/jf/xhCTzO0FH0NNTz2QVbbKULr6z3njhznrFDBRr0RHSo+8SDTiQmcDFSuYXtoso9mrV+Cy95EFfKzIDAEtyj3xdC8vNs7137FS4kQXAy89QrEQuFnHEbOvUWNBh7zS/twnPSt1tqKwmX5TIH3+sPclQo9knAbmyicWw53sEsPuiINEbiyttavNJICSJn05vUZskahs8khPguRtQfjp284MtZ+N1qoKe++4YOP7xWc3eRmoYggSbwMXKFWRKDNesqFrl83n0SPpCxXy96zcNwzudQvxgyYEmXloc4hJd6NGWkiK3tbou4TdfV2GxGZ+YfwGEU7HITEtmNyt4Ywkc2DZMvBqX9LQTyHAH7Vp/Su8P4NO+QN7W8XwNvHLANrWshoGnLgCpNDRogmRSgvG7f2y1w146VviP8sfXPUyXk/5C4OvMo0ZtkskX+vJW29glVUMzmLGvVpDYC44pwL03vi5QICHJAtn+tHeN7YcygnEVqe95w5JZA8tr/6vStLWeh87n1YARizdShXEiRJ31FotNENkEJCvjilnHAG3tfUECMIDLqCa5ARvzSTl4ot47n0JVUE4A9IrJmtw6WDLG+ackLodqydSrKwqmOdTTEVgRckY1Za1OJsxdc2VTbsTmu50lnhHzNeRna5GZFXFsQUefqDF4hpGSH32TxHIwmRuoK3JKVg1hxrCKl8k0cfa3u7inqIo7I+MKCBZqum2sK9NMWkteqzRCsGKFMomlDiz8zkeqfuSZmp3thggE3h09y72qjzjr8iZJqeEdm62Vwk3KTpfRvFJcKgYO2rllbSSNafJRpVMebHvU3tdINw6uHsLdMDgw4JH2OkjFzVQrg5EMCE68IW5XEPRgyhFa3mZWZKghg1YHB4JUXwv2gR8o+cWqNNmX7PZ9QsMeBKdbt0devygpkH6CALlgjPa4DuLsBszfTSDedUj/QoGEf2GK4YvY0PXq8jfQqPmwhPt2GlN2ZLVQaYwXPcI/DTprhSnwuBMnIfKG2vAbdGOAhh4KH18zwWa6O/UHEx3OibO3b7to33fj1UwFe4hovSR+KGjBSed9Oj2Cj8OvnDgJj3Epu9w72oaFHOiQVy2x3AzGJHkAkKXxW7PyqMCLI3uxSjXF8ldMUvaHRRCx6o6qedwWJxF2fMWzca1entOkQ4ntkzusrkIKjbf3Omt2CHemD1miYUNS/edoyu9lGorvHNA3dyV3xu1nj0OGsNPToWXloiLqiqRwE8ilVbByj2Jzc3mTBIOeCD6HIXWQacGirpD3Ottnr+DHQEMsU8XxMkLVwW6nZNkqNUqNu5jjw37lotjIQ4N7Bh4OwNZdJ4bIngdJy+65LCbNiXOj9kQQFpmbOOHjgi9ryAVbxTX/5PnBXR+lC3o96EDAw2/u0vKvEXehmR+fHHl+GMF9ikgI3NF5SxQl+eqf2qAgq7rNkTbrqaz2ePCYnn/PrYPnBBPPDLtaaPGNsc9rnNiP2vJ+zwr9/ZsbiAxl3s8eavjOyj+RNCiyTpvid71FHonMW2iYajfMzSUJskg4uZL2qzAt+x/8oOpNNWvHALMK1Z7y1mZIuMCclh9FtPWwrnQRgAJ8yuaeYCn2gXCwlUvJ20FWCs4CmpVusLGoR8mKo/3dyLk/EfVifgssHJXLVJnXkMWFAClox0BIG3gSWtdUh96f/aLSaLIl7ZIFD6BhQtLLAXfldEzAistCqMBw+bRwcZRlau2wbOoySSeOv7Nkpyr4RQLCjhwHxttSWM+cr31e/mEcN9H2vXycMaL0eKYSIUSQoMpMJ+GsuIOFlCmdBLJRXYWhsUg/9tLSyeFJ4UyD9uevvzI0e+5YiZOGobm16ADToH9oQwY+63muS8iXmrzO9iiQYTabCMgYmBSuf9Ke1DSpr4jIyulpzX+37J4We6mu2Or4cW53MInCFSxY201AEmmng5z/0I/UcoJ6n2M9ckV4EtY07v0Q9mS10n+jbSLGUfPSus5zYc+1lXyrHI2SX5XClGSUmrTpnTix+p43q83u6YU5P0So8jVv8j2JbWwIE3SsuV5pDGt8fAL0d4TFneIYEYKEzSNt1Ai9QM5NvWiEAK+AwLghgA8JNGuNzeta6cSB1hCSXp+3DQim8fK+a4f8x70NjsWj711kb+nhs3RrJM+r2clzICNTPSeqv09RbUcffnDGG3U/M04EJMCeHqUVpPuNj59DcBHZP0sLPnUvSstqUjh9EoN0DsSjRFFUas1oLt91rZj6s36gU9KP20E5cu/oxOFU1afz2kbXFVMWnEIgCkR2JCcYo2+fgcrFasuC5prMrtEFX+iQlNBLx8iiKr86nc43qAHR+/4WNxcfXB4ODjuJHrUJUkhpKjbBJP4s+c6LvRr3b4fQ0x4u9j9MNKIbrD0KVU3bd/0XiI9gBC3GD7xaQKMPkevaOWvtlLtTp1Tjb/gcveaGGJPO/TEz6r1MgGKiKDEfSU63gtZdOxez8mljRauDAG16F3bwzJOnST/IviGmtJVmdhZ3oB+rRANg/TdXs2bdC7DliziRaGnKXNTSPXwrGHzKHHt7EtNrK4zozmZ1X8wj4Njokp3++8U/8AWQvW/E7+ZB1zBeF6GKd37S26yzS6hU0/FqyrMWYGMkYV3sRs82wtuTMMFo+ZhgwWsdS2rskpanS72GBCcrFbBXbFKgugCP529p5cXzpNSVa6mpX5HZRX11dPNAb8LSNtyQa3UwJsiyV6v1+Fi0lb+zdnVDYDB2+mvah4Z+fMsuuuc/swoiYeBVHQTvFlaH5ww8PeFoyL7wZLtQneuvJUfndrFJW56385Ey6YYtrRcPr3olQX0wXMVJMYXlR1BVG65mOe5KxUWyNL9WxrHlpHg7Rbm8U9077lbk844wvWg/itcH0waQGdKzhuYIx5JxIf0gjWICWADXIeGmQr0GKe6y7I8cEUjNaVjiJXC4IIbJnSAXU2aWx/Z/noedEUrw/2J+HcfD9SRTwK+O6F4Cn2+sHkJyrHooysCjvzr3Bo9qjRnouLhX4J1hwHMhhSCFR2OKic4ONn7pLrTtK+TEhOVStpr4C0TTqDsJIYqvbcu6mZWAsZ1WQVqHJmwn4WzjyZs9ADvsMLywT1sH+v6HsHNOX420QhoMBm2hQNwFlN0uPFxKkq6baXzM/FrNyOGOljBwCU6Tizd0Pn40iXpjRdlBh2j2ACXEmGANB9ZhmKfGyMpfD53tTZeFyyUe95zcNYUlzAQDiazBPTE0mDSF3GkuylZBuARNbWMZQT0Nugh18Zbo0Nwyy4lGhK/slIE46rfeapbspm7HLmPVfkVXLBhUnt5CxZZNAoaxuO/Lutt/iqorCmi3XFnj2k8adPBvGrjAOefFQGb7emvW8u03DhTtqnNpS6tPOS5oNEebMqH8ZLv6Bp7qyAMPWo1XmR8a71VTiYo9YJgbvOnZn6CBkBCx1zo+j3n161XMgsXjYq8xT0ged+mn+C/ycG5qq4KhPdiNTf67fHTWMap13L7/9w8CcSvHj3LpjIe7A3Rg9USqPfiTYUTHAovgL3DVPeZ9/1fs1LbVqF9+wQX+XTjj6Ro/iE78J2V8Y0iJekukCq+7vdHsfV3otf/QubAkmfRNnens1sIEvm0aTa5zzqtvQS8Os6PRpQa3LK3aVRVBW7fYNIGNl+rEwMuKAzAih6amtiqDY2sIkmia6GGmLL7lFc6wBUXTkikGCc6/GZ1dWcySjtaTE0JVUWKUYLjxvk67k76Ry5fCJt0wNZAJyZ2JqfccdKF984rzVVNO/6eMoar92HdeOF8jSRCkJw5hAGNzbL1muB/XVBrpgurHHd/+SjtFqQff+9DAcv2b7oEuiwZZ4prNz3r109yzRwaJA9+tmcXBgzROyekieif8v8fF8AYKYi/4ksoI1vDWqlwBum8a73UeqCzJemgINQziENUiwJX5h4nrrw9P/gP0u/ZQy2bGCxZWoWYx68jkAkflYG6ii1Ar5It4mQk3GkOKzp7eUHpAX/SGgNT5gvlvT8qG73pHFhSGtn2OBvr2+dDLtDeZicAmvqz+ogVNQVcw5fIjA2/srVV1LFHMILLpXujxQgOAKDtwnk0pTAIBOzpNJ9zxR/lOHIRTI52eFhy5/UQ7OoNrfQy7Ts4ZoU05A1QpsecfaOwqptDIcnECCUifSE2jysunOyCHe55s1L3Kmp+pTOIqbHV9QeaKGLrou9N+0hW/FXI3Xw6pazS6pOtqXsNGXSNiUlqd0BLWvcmx4SRF8sBrhkOakGn16u1+5jc6yB1z5WTK9QBK5GFfo5/wI3ifHQfhHwKbiAepQLsBLN7nYp6JC9U28hMjaPhVbuYfVvQqehbO+E7dWbC3oJp18+enDbcBJfzHk60z2oHh8/9JL2DghqfkYIv4gQEZpR5P4dfiikyI7RhhpJsVdUyTWtxeaunZp9L9OBuDgpKEutJUpTHhLrTB+o88YtsrpQaPXqKsDffal+wQdzOyI43dukcxzCyyohj3pPrcaqsvlYShc5VQBrBxV6+OrTh9mudfPBZydq6ibqrkrrLYG6/udihmeR+yz+AcH7i0oXh06rYFv4Msm4SawZWLvnbXUJ272ku0UnO3BygNr5fS9ETyQsjpE8d2YDm6HRpETlzkhFsVHd89Xm0+KUt4q7hVY7B/5Rr5LcVd8xyPuVY3Z2oDlG1DMpgtY0mGH+QEAkkYp+efLzt4L6N0eJsNtgKZMeiLxuDmEw705kXF8iFp28yDhKT7P01QYC6ekURFZ+T7RQNyHjye8Llpy7c94gJefiJHrfk0oz8Y10Jb0hH4ka8bNYdJxP1tN0X9COORKg0jtr8UOAv+t3PxC6zVjiP4ips3OaR/ljH1KyXXPSbiKNRDOmDTumHzUDtbTs3BBKczWQDUCPiVX47DwFpxEy4Qp6R6WtboU+YZRkVr2BXAQqNHJxEUgKRufh6kEAFi5ODpdSp0vG2n0scU5d0thnC7SLtn5Cg+ORTS7/lCFgF01gIXDYy2ckU8mMmGkqsgOdrSKqcULXYl2wj1Q55VymzeNN54qx94Xn9xWQUazL7LQfWAvhdKgNGNbPJdQykUVKXm5GArCQlEpt41QZvh+7RAm1Mm3uUGOLSJPg14JL3Y+9C0X11UNQdteAKWkxA3kjwDUzomRl27y7cP3lMLXehSMbTjlD/j28R/6q+GDPlEYFhEESRTGmsnE8biWe59I+eznsOZObnRNTJzL+zKi5UX1nHJI+Ze6JrNBxctBBSJIFS7L7zTc2zm+RUjoHU5rm75W/3NvTy7AprSP6v/1NimIqSDE7RET7kDnjYNjmFPQoUTe/HYg9N5X8S1af8dgWkLtJAC34iRSeLhnlVTL6KGmBkUUADco+dEjYOyelfbVrEXHgl3tMBad73eC58bxY8mO4woKI6LeIeIjAsxuFb2CZ21uNDv29i7OUUnExtUq93AmRIXYmOs9pOnu2wp4HD2CDIO1rd2F0qA7tAkk7g2VGUHBLvGqjH5l2VEipZcoxLG0osZXgKhdUxpOkufh99wpPIevccMXx5jjIWd/zr0nyDLhm9JxctiEv8gnyH4yImZEjhfDyIGANH9120y6Axj9Ujs7nnD1VlO1h1jPg4/bNWMnhhaQPAchZBJUjEib5ck+aocU+Ww8xwqvmiFfpuLlwFfv30IXn6Q1oEDPklrgyK534ggPgpJjLl47J4uOupOLfMuSalamFGx0WxVilrn5NWdkMUzZdrh4PDsLC3iQmZlvk/PX3HDALxJsTwFhSVd87DVUfwR1k0Kc9RX+8DtLAelkUIwPoFk/i15pjUnSBMB5SF4d0iZXM0cfGxycI793wpPS6Kz57S6LJ7JYv/4/W9YHUZGVKLYQMDczJ+aAjELuZYbK7JQccLk8qDyJHzNSaG27VdkbIDqxfFNYdmBZwjxxgAHZ7Z8mU32GNCe2rHNKCBsUapQr33uGaSzVAAM5FcjfZ8G/KUNdp6UKS8cqr6NzBPv/kvtoMHISBYKkR4xjsLaysXyfeGydeBYlKsTg9f0RTu05ABWO9YfW5DHG2/ABZMdME0mk9odC69s9hxUUaSr0qRMN7bbJOkcXld8wQSz8rjHid8SfRR5SFUlb8PXdLPb9mWFoMbXW5do7GBtLFdeesim4prNwnjP/K3wgRMGXAHw8Xjk665iRufabtETopjNCkDcAHgmvb8ZaeifcXi9PN0XjtywuSFdgEfrEhhbcZPXqnirL4qS0kbz6SQ3CstNox/XRWfSJ2s+B8KfdB/hLfz24bhUSmawt/BlreZ9WqQPn8oYf+sgRwv7bk/+Vtk+RkMtZnyLPkRRm63EVLMdz8CYLWFhG2/15Isb8RsdUN9pcJCJZwGV4BTWKIQJ/ncqNL+jqYiguzZXXcjPWKUGEDj3oetIaKgudhKdN44u6eLu0iS+G0DzexvNHOi7w8KvfHVOw7ymmZsDobycvx4ZoqMWyHYvdyDa/ZCW8ewlG4Rl3J55MWK8dQf+3Qa6A9Aa30wWIlqMaL72DWwOlVTNLhHmujZ7Y3hB0q966Cd2nmB5E/wH74+kmr409lfRkkCQ66cK/NH+scTb1W761mAhBgMJLjEnq19iOTwrI0wSQZsyhHaJvLxHC4rY0nPgqWAz61IF1+rgAF4iekb5yNekN7WBVkC+ROtfs4iH+6AuXD0xZFE4CawK6lOeoK2AfGua4TbCyRAKLq6o29p9fpuxl/qv8xVxPIBatT3juFfl3TTspl2LqWCH1zzSi0UFoHRM04HvBjlCjcxyzIVlfslbXSt/WAsQVc8JyzeeZtTVhZcuqtx6/HXffLADsYx+TRyip9vi4ULQKnHCRoXOIYVjbaKiUqTj0PFCMh+15XZngFpBU295nlwR+KOHtyRh8MCQl/Jbw4Q4aOfN+GDcbJgamsvdVP2Z1OCDZoj3Bcuo8qpaKp55TM2OtaF6CJB22Xc8qwHjbSYSojXS4ptHvVu/rz3XoPZD1Hd57fotjRUkOztSUpd8INEWPQ1LAXGi+py8tfectMG+dM0f8jVBrZOFAfM2rUm6RrLtDHECfbbXGod6u0xlIDYlpVF8VZgh+BLZI71gHGMTroPAOXjsfgpVvW0qS24t0QhzsyzG92hBGyUdYrnmDm2hNVZG8HKxhKZGC8WzCtlUKi2oj2zIPL4lQQRCQCVRA7lnB9IZg3YWpHKM9Duo41qwSSlLbOlznE6gpbuoXMigVjLfuMnTzB6v5QLXGod5dWlGpChKhcsdN1/Y88RPv5LS+bhBeg3VyOFiS+sCpfTtkUZ7wfdqao7pVbogh1XjR+UEHu5Tgrzc22JnNT0bZzS6H1vzgEZhaS3Vj3GAw9DdHSzLaPBm3TTggCG3RPV48T8X5L5WOmha88p+HvlGVbbjqyyxRl/dCFzA9cD0sxUOyOTZVhgmbxURqKJJ+W4jbVSNqX1w7X7CBqbS8QFqQ5XdeoDA+78Qlrj3rYegwu0XWynmv5hA0X5WTjmNxNOw2bahDkctWKOBOsKhzDzVfVBa0RWQ9SRlJcIzXA56Fe+CVTQu0sHFdbKWqya8htkxYnOLYlhQalHmLe1uP9TnS7sFJUAEc3dp1z3LRd2JsoNsk+sITzUWEfy70pYnKTumZ1zP3CamMfkjPxJ4tWi1zCBuomf4M6sIkqkls0ScB7MFOw+rAzzTNZCIchqUFYo3yWPvZwnlQ6cmy4dyY1VoinPiFc/PkXdKCadmvcbPW/d+6CkjEt4O6gC12cI7mKdxJAXlqwzIuHrkqW4i/VEAySDxGtNHCV/w+PgHxi+Kmyg4Kl4JioO+/dm2y7LWNnuSIWW6Jhyl1RFhd6WTnUlMcduDCgh4m2zWKWPMR7N9bEqFYHucSAnTnATjxTDMvUk4/kJA5eBPF3KvHkaNROK0WB1MxElZ/fKdG5abe905qhkSS+XqfhwM1f3XPwwFpO9iFJs8d2rmk2SLH/Woak82TAI0IxL60KfI5bEX7gOsQ3nJ+dU7ZtUh2Dv+LNXZHNjPhLTTBupY340DLAsb4vB7MexjdIlrsLXKpL8HxRq6Q5SBXmL9eSn4/JkRCLaYfxiuwPMsiLnQzvbR0HqXNptlw77osPODAr6FHSMJsh+F/MSO7YbQrVUPw/UfElu9STv8sIHEQ7rTwjM9RA4XkygdAwGKW5WAGkG5K5Y1HkdziudYyWfpvGi/u5/JvCgfWp8mgT0qAcc4BRzy/iCcm9eUhWd7hL/L3GMwWCzJkvs/atkm66KKlShKzvpCO/7vLFgwQhn9/fGOiSXNtudvXiLbmUrqnlKRZRl4+0KEURDwt50PCzcZBu+6VDBc7lD/fjKm+qRxA/BEHBrXVeOyq7L+7+9yEoJIPL5pPh6Qihs+vAw3vdP+wFFs+Ib8a4wHw8QTCHHYaIEY1/V2KXTnXaOleZfQon6c1KJzL0vrcxOnI9gzo5qHsK75xrRtZHRs+EN8Aj2Z/R2IfGXv2G4lJWyuY06vzqnc90ohETGEY9ZIHpfe50uPyM+5jdtJiocbbaemBmGUTvsIuXI0GZXsda9yaH/uU3OWqzdgoudbZ/wDU+Q1GiOhi0IfK+8xai9icxjLo9nD/BsW/wU0dx0J0A3HDC7jLqy5CzGefdLVzRiyFzOvlBWLRMLhJsCTy4OVAER8bVNjhCv2osIdxmsMyu7qTk3CY3U0e8l6Tiq7akRpQFnxY79rCMWKlMznUnPpviWaif8vvKAtsq4QnPAqmO24U35grCXDn3knVFlgWE9oj5TRSeb0jlMiLcw12/4yXIk60LqeZKe2TbpaI1GKfCrZ4lcXbSvs7GOIRjEwoTvtI2lbAEbAmIDabFo9njarqmO7gchjcxWJqW2YwrjYvftUtIQDVvEUa23OC4vyc370GawLiUhPsQAfBTxXnTxB6Bm6Kqw1qcwgKI5VV2mCyYeWITud220PWUG/xbrhEHPAG3Wd36Je0gg9lVfkqc9Jl1qAJQ5CabmrzeBvp+txgLdD9rcYIMo3twVYareEgMEV8gu3QzAnJGLbcpQK1y060w3y6xbti8T1w6XVxN4qFFqz7o9Gnk9EiZy7ZAeKdwtI7Kl3xUPTF3wQBnul4xf8a84B2u25GlpIp1QfNRUVbLPteZRfZl1WqhSuxBXohOB+UPfWf63KsN+njzoQRnjCa23Ky/UyYJP8hpql6nEWDgDTiP5rRA3uQVWsUbQXnC11ZsDWI7DXKagygAG6ODMB6WHL0DUV4UNnvPb6sjuhKppn8OeXj4RIP7qQ+gzQu3Z7pO/QBju7UjY1ZKDTzKsvy/6dRQWa3aMGVqrfG8Wrze2sXWQ/xD8nWQADykFLPv3JBwL4ceJNU7EquTp8IIlNI+9bEw6HtOU0PsRC3NUW4wysr52qfEVzanE9JES+uNSJdOAriAFPVxnow8/Ro4rKM8irRj7K/Fi63eya3BbHlB7wRNe9R5+lqSVhHTroBS9KaiL636G8IWqbIm41O1sYB4bEOtSu+y3Kkp7cgxaSwwOheBv726kRmou3ZW4AUnaA+n4nWkUsb3oLZZ89/AmwB3kOjkoaWkv2vbBS4WbUsR47Bji8Nm8lIuWjU2/XKxspD22vkDlnMMgQoR/W/jsX5exP2sHlmbsNlbPdyUnmuYbQ6gWM8PQrE5NM/AqT/RJz8Q6zEAM3Mj9z18NKR8TLpupHhkkD6mfYGW65NRSTzIvcFaaphkq6FNmbXUl4ERBoOK3YYB2enjnjMuZcSNUXTXl/0INh1M0wkWY3ZBRMwHaTRfgJjeU1wwyXBExNlRPcdZkrmlHIFqdeBnVnrrXUGu6Jm5AGX5Sg1Yuz1pJ/ToJyvCbemQEv9iH3r5PXzgFC5olvMsjKh5YZPsI4Ti6jlqQC1Bk++wE+J1ivmF6xXtmsNdlcamS/p5CMspGb0aUor7wwJaPEo7vHk1SccypCmYN7PBts6Zpy9Kd8yK4VeXpv2kEBgQnFnGeVhCh1Z7xYLKcfto+TV5X66GGZ+Bx0vxtQtAXbTlYLmgypwqO+6uhk1KlXoX71lzujRgub1zuH1jgHskkthTS5ANv1gt7bWVm7TrIawJ/1sUwbBE+BVtZt8X1kwycArYPfnHdIpebT863wEEZYsbjhqPHUeMFsH+F4+EkvSOT5DqMAoSf8VIju1E+csdV1BEB245w2mgbKzoc7go9sIWHUIiaHHXmOCnttCk9mGJE4T2zXCoVBNOiWJt6u2qI1JESmMOjn737PQdbZ1ZuBJGsDbyIhZ2R75LFbuawbZjzV1u0KjFyDKVURJhZTqSl2aP96aboVHC36+f9U356dV20lJJzfAK029xY1ncFokD2mwjdL/lMeIlktzjpQ0/jLQPxWWQdwubZ8yAbHG0GYGYvEE2ApmHDgg89fraKYPD+DVHZ5U7bHYD+UatbMU520WicBbo1L+PwxydwAQN7WlL79ncZIlqC33ph3R1ZKSJbPW3Lbo1wNDATVydojTxvolS6V6QVV8llC0+gS5ROc6Dxxr/4645iy1OdMMxamvNcH8isAAcqz8ECgqt1qHOYqYpgrQl7gHmg+VDwKH3H4G3/k0Cg33imRSBrLXX9LG17q1INjd3ZG8GdGWuDN5BPaffyqaVmvYipPB832L1lAsdarv3MZnUeP6xmn1EKMPIeZpdtmCxBq7SBDB4lkBj/QCA5c+Lb4Y3eakplV7RrRfaJ87OyrPv9dgM7MnGUwAA=
